"ID_plantation","Name_plantation","Serie1_number_enslaved","Serie2_number_enslaved","Serie3_number_enslaved","Serie4_number_enslaved","Serie1_Status","Serie2_Status","Serie3_Status","Serie4_Status","StartYear","EndYear","Start_remarks","Start_date","End_remarks","End_date","District_1842","District_1855","Product_1846","Product_1859","General_remarks"
"PSUR0001","A la Bonheur",,63,58,71,"missing","complete","complete","complete",1830,"1862",,"23-8-1862","transferred to plantation Caledonia",,"divisie beneden Commewijne","divisie beneden Commewijne","indigo",,"before 1855 plantation fallen into disuse, 1859 enslaved people hired out in the city of Paramaribo"
"PSUR0002","Accaribo",,,79,178,"missing","missing","fragment","complete",1830,"1863",,,,,"divisie Para","divisie Para","sugar","sugar",
"PSUR0003","Adrichem Matappica",,,148,205,"missing","missing","complete","complete",1830,"1863",,,,,"divisie Matappica","divisie beneden Cottica","coffee","coffee",
"PSUR0004","Adrichem Para",,,67,82,"missing","missing","complete","complete",1830,"1863",,,,,"divisie Para","divisie Para","coffee","food",
"PSUR0005","Akkerboom",,,5,6,"missing","missing","complete","complete",1830,"1857",,,"transferred to plantation Lotland No 34","23-4-1857","divisie beneden Commewijne","divisie beneden Commewijne","coffee",,"1859  plantation fallen into disuse"
"PSUR0006","Albion",15,,,,"complete","non existent","non existent","non existent",1830,"1835",,,"transferred to private slave owners","24-10-1835","divisie Saramacca","divisie Saramacca",,,
"PSUR0007","Alderad",,,9,10,"missing","missing","complete","complete",1830,"1860",,,"transferred to plantation Alliance","9-10-1860","divisie Matappica","divisie beneden Cottica","cotton","sugar","1859 enslaved people work on plantation Lodewijksburg, afterwards on plantation Alliance"
"PSUR0008","Alkmaar",211,165,296,390,"complete","fragment","complete","complete",1830,"1863",,,,,"divisie beneden Commewijne","divisie beneden Commewijne","sugar","sugar",
"PSUR0009","Alkmaar ( voor het 1/2 aandeel aankomende den Boedel A. Ferrier )",,210,179,221,"non existent","complete","complete","complete",1842,"1863","transferred from plantation Alkmaar","7-1842",,,"divisie beneden Commewijne","divisie beneden Commewijne","sugar","sugar",
"PSUR0010","Alliance",,,,596,"non existent","non existent","non existent","complete",1860,"1863","transferred from plantations Lodwijksburg, Sporksgift, De Lemmert, Sophiaslust, Alderad, Waterloo and Bentshope","9-10-1860",,,"divisie beneden Cottica","divisie beneden Cottica",,"sugar","plantation exists since 1859"
"PSUR0011","Alsimo",,183,130,153,"missing","complete","complete","complete",1830,"1860",,,"transferred to plantation Vaderszorg","30-1-1860","divisie beneden Cottica","divisie beneden Cottica","cotton","cotton","1859 enslaved people work on plantation Clifford Kocqshoven"
"PSUR0012","Altona",,,1,1,"missing","missing","complete","complete",1830,"1854",,,"last enslaved person died","29-7-1854","divisie Para","divisie Para","food","food",
"PSUR0013","Anna Catharina",,15,269,323,"missing","fragment","complete","complete",1830,"1861",,,"transferred to plantation Kroonenburg","8-4-1861","divisie Matappica","divisie beneden Cottica","unknown","cotton",
"PSUR0014","Anna Maria",,,50,43,"missing","missing","complete","complete",1830,"1852",,,"transferred to plantation Catharina Sophia","27-2-1852","divisie Saramacca","divisie Saramacca","coffee",,"before 1855 plantation abandoned"
"PSUR0015","Annasburg",,,91,88,"missing","missing","complete","complete",1830,"1860",,,"transferred to plantation Voorburg","11-7-1860","divisie boven Cottica en Perica","divisie boven Cottica en Perica","coffee","sugar","in 1859 enslaved people send to plantation Voorburg"
"PSUR0016","Annaszorg",,,95,117,"missing","missing","complete","complete",1830,"1863",,,,,"divisie Matappica","divisie beneden Cottica","coffee","unknown",
"PSUR0017","Arendrust",,270,177,158,"missing","complete","complete","complete",1830,"1853",,,"transferred to plantation Rust en Werk","21-9-1853","divisie boven Commewijne","divisie boven Commewijne","sugar",,"before 1855 plantation fallen into disuse"
"PSUR0018","Argent Court",,3,,,"missing","complete","non existent","non existent",1830,"1840",,,"last enslaved person sent to leper colony","13-11-1840","divisie beneden Commewijne","divisie beneden Commewijne",,,
"PSUR0019","Badenstein",,454,352,463,"missing","complete","complete","complete",1830,"1863",,,,,"divisie beneden Cottica","divisie beneden Cottica","cotton","cotton",
"PSUR0020","Barbados",256,304,233,308,"complete","complete","complete","complete",1830,"1863",,,,,"divisie beneden Cottica","divisie beneden Cottica","coffee","coffee",
"PSUR0021","Beekhuizen",,195,,,"missing","complete","non existent","non existent",1830,"1844",,,"transferred to plantation Houttuin","22-7-1844","divisie Para","divisie Para",,,
"PSUR0022","Beekvliet",,191,121,152,"missing","complete","complete","complete",1830,"1863",,,,,"divisie boven Cottica en Perica","divisie boven Cottica en Perica","plantation plant nursery",,"before 1855 plantation fallen into disuse"
"PSUR0023","Belladrum",26,,24,28,"complete","missing","complete","complete",1830,"1863",,,,,"Opperdistrict van Nickerie","district Coronie","cotton","cotton",
"PSUR0024","Bellevue",,,125,184,"missing","missing","complete","complete",1830,"1863",,,,,"Opperdistrict van Nickerie","district Coronie","cotton","cotton",
"PSUR0025-A","Belwaarde",,107,,,"missing","complete","non existent","non existent",1830,"1847",,,"transferred to plantation Leliendaal","23-7-1847","divisie boven Suriname en Thorarica","divisie boven Suriname en Thorarica","coffee","food","before 1845 plantation abandoned, enslaved people working on plantation Leliendal"
"PSUR0025-B","Belwaarde",,,,125,"non existent","non existent","non existent","complete",1855,"1863","transferred from plantation La Poule","21-4-1855",,,"divisie boven Suriname en Thorarica","divisie boven Suriname en Thorarica",,,
"PSUR0026","Bentshope",,244,183,224,"missing","complete","complete","complete",1830,"1860",,,"transferred to plantation Alliance","9-10-1860","divisie beneden Cottica","divisie beneden Cottica","sugar","sugar",
"PSUR0027","Berg en Dal",,362,318,409,"missing","complete","complete","complete",1830,"1863",,,,,"divisie boven Suriname en Thorarica","divisie boven Suriname en Thorarica","timber","timber",
"PSUR0028","Bergerac",,6,1,1,"missing","complete","complete","complete",1830,"1863",,,,,"divisie boven Commewijne","divisie boven Commewijne","surgeon's post","unknown",
"PSUR0029","Berkshoven en Oostrust",,,98,109,"missing","missing","complete","complete",1830,"1863",,,,,"divisie boven Commewijne","divisie boven Commewijne","sugar/timber","sugar",
"PSUR0030","Berlijn Para",,407,377,503,"missing","complete","complete","complete",1830,"1863",,,,,"divisie Para","divisie Para","timber","timber",
"PSUR0031","Berlijn beneden Cottica",,202,126,180,"missing","complete","complete","complete",1830,"1863",,,,,"divisie beneden Cottica","divisie beneden Cottica","coffee","sugar",
"PSUR0032","Berthaudslust",,239,157,187,"missing","complete","complete","complete",1830,"1863",,,,,"divisie Matappica","divisie beneden Cottica","sugar",,"before 1855 plantation abandoned"
"PSUR0033","Beudslust",,5,,,"missing","complete","non existent","non existent",1830,"1842",,,"transferred to plantation Livonia","3-1-1842","divisie Matappica","divisie beneden Cottica",,,
"PSUR0034","Bleijendaal",,148,96,131,"missing","complete","complete","complete",1830,"1863",,,,,"divisie boven Suriname en Thorarica","divisie boven Suriname en Thorarica","sugar","sugar",
"PSUR0035","Bleijenhoop en Bleijenrust",,42,30,43,"missing","complete","complete","complete",1830,"1863",,,,,"divisie boven Cottica en Perica","divisie boven Cottica en Perica","coffee",,"before 1855 plantation fallen into disuse"
"PSUR0036","Blokkenbosch",,45,25,31,"missing","complete","complete","complete",1830,"1860",,,"transferred to plantation Hooijland","9-10-1860","divisie beneden Commewijne","divisie beneden Commewijne","coffee/cotton","sugar","1845 enslaved people work on plantation Driesveld, plantation fallen into disuse, 1859 enslaved people to plantation Hooijland"
"PSUR0037","Bodenburg",,185,143,157,"missing","complete","complete","complete",1830,"1861",,,"transferred to plantation Brouwerslust","4-5-1861","divisie Matappica","divisie beneden Cottica","coffee",,"before 1855 plantation abandoned"
"PSUR0038","Boomakker",,28,21,30,"missing","complete","complete","complete",1830,"1863",,,,,"divisie boven Cottica en Perica","divisie boven Cottica en Perica","unknown","sugar","1855 verlarten; 1859 enslaved people work on plantation Munnickendam"
"PSUR0039","Boxel",,206,129,145,"missing","complete","complete","complete",1830,"1863",,,,,"divisie Para","divisie Para","sugar","sugar",
"PSUR0040","Breda",,99,57,69,"missing","complete","complete","complete",1830,"1863",,,,,"divisie Matappica","divisie beneden Cottica","cotton",,"before 1855 plantation abandoned"
"PSUR0041","Breedevoort",,49,41,66,"missing","complete","complete","complete",1830,"1863",,,,,"divisie beneden Commewijne","divisie beneden Commewijne","food","food","1855 enslaved people hired out to plantation Badenstein; 1859 enslaved people work on plantation Nieuw Mocha"
"PSUR0042","Breukelerwaard",,196,141,152,"missing","complete","complete","complete",1830,"1863",,,,,"divisie boven Commewijne","divisie boven Commewijne","sugar","sugar",
"PSUR0043","Broederschap",,66,,,"missing","complete","non existent","non existent",1830,"1841",,,"transferred to plantation Caledonia","22-1-1841","divisie Saramacca","divisie Saramacca",,,
"PSUR0044","Broedershoop",258,278,212,306,"complete","complete","complete","complete",1830,"1863",,,,,"divisie beneden Cottica","divisie beneden Cottica","cotton","cotton",
"PSUR0045","Brouwerslust",,273,183,399,"missing","complete","complete","complete",1830,"1863",,,,,"divisie beneden Cottica","divisie beneden Cottica","sugar","sugar",
"PSUR0046","Bruinendaal",,135,113,155,"missing","complete","complete","complete",1830,"1863",,,,,"divisie beneden Cottica","divisie beneden Cottica","coffee","coffee",
"PSUR0047","Brunswijk",,87,56,108,"missing","complete","complete","complete",1830,"1863",,,,,"divisie boven Cottica en Perica","divisie boven Cottica en Perica","coffee","coffee",
"PSUR0048","Buijs en Vlijt",,7,3,3,"missing","complete","complete","complete",1830,"1863",,,,,"divisie boven Cottica en Perica","divisie boven Cottica en Perica","unknown",,"before 1855 plantation fallen into disuse"
"PSUR0049","Buitenrust",,5,1,2,"missing","complete","complete","complete",1830,"1854",,,"last enslaved person died","28-1-1854","divisie beneden Cottica","divisie beneden Cottica","coffee","sugar/coffee",
"PSUR0050","Burnside",,30,325,548,"missing","fragment","complete","complete",1830,"1863",,,,,"Opperdistrict van Nickerie","district Coronie","sugar","sugar",
"PSUR0051","Caledonia",,104,78,140,"missing","complete","complete","complete",1830,"1863",,,,,"divisie Saramacca","divisie Saramacca","coffee/cocoa","cocoa",
"PSUR0052","Cannawappibo",,178,60,365,"missing","complete","fragment","complete",1830,"1863",,,,,"divisie boven Commewijne","divisie boven Commewijne","sugar","sugar",
"PSUR0053","Cardross Park of 't Lot No 228",52,,,,"complete","missing","non existent","non existent",1830,"??",,,"transferred to plantation Bellevue","?","Opperdistrict van Nickerie","district Coronie",,,
"PSUR0054","Catharina Sophia",,315,178,700,"missing","complete","complete","complete",1830,"1863",,,,,"divisie Saramacca","divisie Saramacca","sugar","sugar",
"PSUR0055","Centraal fabriek op Buitenrust",,,,1,"non existent","non existent","non existent","complete",1858,"1858","transferred from private slave owners","3-3-1858","last enslaved person died","30-12-1858","divisie beneden Cottica","divisie beneden Cottica",,"sugar",
"PSUR0056","Charlottenburg",,14,11,10,"missing","complete","complete","complete",1830,"1852",,,"transferred to private slave owners","11-3-1852","divisie boven Cottica en Perica","divisie boven Cottica en Perica","unknown","unknown",
"PSUR0057","Clemensburg",,5,,1,"missing","complete","missing","complete",1830,"1855",,,"last enslaved person died","6-7-1855","divisie boven Cottica en Perica","divisie boven Cottica en Perica","cotton",,"before 1855 plantation fallen into disuse"
"PSUR0058","Clevia",,117,,1,"missing","complete","missing","complete",1830,"1856",,,"last enslaved person freed","28-5-1856","divisie Para","divisie Para","coffee","plantation plant nursery",
"PSUR0059","Clifford Kocqshoven",,191,63,135,"missing","complete","fragment","complete",1830,"1855",,,"transferred to plantation Johan en Margaretha","8-8-1855","divisie beneden Cottica","divisie beneden Cottica","coffee/cotton","cotton",
"PSUR0060","Clijde",,,35,40,"missing","missing","complete","complete",1830,"1863",,,,,"Opperdistrict van Nickerie","district Coronie","unknown","cotton",
"PSUR0061","Concordia",,142,100,108,"missing","complete","complete","complete",1830,"1863",,,,,"divisie boven Commewijne","divisie boven Commewijne","sugar","sugar",
"PSUR0062","Concordia en Kwart Lot",38,119,104,134,"complete","complete","complete","complete",1830,"1863",,,,,"divisie Saramacca","divisie Saramacca","coffee","cocoa/coffee",
"PSUR0063","Concordia en Kwart Lot L. L.",,19,17,28,"missing","complete","complete","complete",1830,"1863",,,,,"divisie Saramacca","divisie Saramacca","coffee/cocoa","cocoa",
"PSUR0064","Constantia",,98,82,104,"missing","complete","complete","complete",1830,"1863",,,,,"divisie beneden Cottica","divisie beneden Cottica","coffee","coffee",
"PSUR0065","Copie",,63,46,76,"missing","complete","complete","complete",1830,"1863",,,,,"divisie boven Commewijne","divisie boven Commewijne","timber","timber",
"PSUR0066","Coresburg",,1,,,"missing","complete","non existent","non existent",1830,"1845",,,"last enslaved person died","8-4-1845","divisie beneden Commewijne","divisie beneden Commewijne",,,
"PSUR0067","Corisane",,5,2,2,"missing","complete","complete","complete",1830,"1863",,,,,"divisie boven Cottica en Perica","divisie boven Cottica en Perica","coffee",,"before 1855 plantation fallen into disuse"
"PSUR0068","Cornelia'sburg",,41,36,59,"missing","complete","complete","complete",1830,"1863",,,,,"divisie Matappica","divisie beneden Cottica","sugar",,"1845 enslaved people work on plantation Schoonoord, plantation abandoned"
"PSUR0069","Cornelisvriendschap",,17,12,15,"missing","complete","complete","complete",1830,"1863",,,,,"divisie beneden Commewijne","divisie beneden Commewijne","coffee",,"before 1855 plantation fallen into disuse"
"PSUR0070","Courtvlugt",,150,,,"missing","complete","non existent","non existent",1830,"1847",,,"transferred to plantations Groot Cuilenburg and Halle in Saxen","10-9-1847","divisie boven Cottica en Perica","divisie boven Cottica en Perica",,,
"PSUR0071","Dageraad",,29,107,123,"missing","fragment","complete","complete",1830,"1854",,,"transferred to plantation de Eendragt","19-9-1854","divisie boven Commewijne","divisie boven Commewijne","unknown","not mentioned",
"PSUR0072","Dageraad en Dankbaarheid",,82,309,400,"missing","fragment","complete","complete",1830,"1863",,,,,"divisie boven Cottica en Perica","divisie boven Cottica en Perica","cotton","cotton",
"PSUR0073-A","Dankbaarheid",,46,,,"missing","complete","non existent","non existent",1830,"1843",,,"transferred to plantation Concordia","19-4-1843","divisie Saramacca","divisie Saramacca","coffee/cocoa","cocoa",
"PSUR0073-B","Dankbaarheid",,1,1,1,"non existent","complete","complete","complete",1844,"1863","transferred from private slave owners","24-5-1844",,,"divisie Saramacca","divisie Saramacca",,,
"PSUR0074","De Drie Gebroeders",,397,296,368,"missing","complete","complete","complete",1830,"1863",,,,,"divisie boven Suriname en Thorarica","divisie boven Suriname en Thorarica","sugar","sugar",
"PSUR0075","De Eendragt",,122,83,306,"missing","complete","complete","complete",1830,"1863",,,,,"divisie boven Cottica en Perica","divisie boven Cottica en Perica","sugar","sugar",
"PSUR0076","De Gekroonde Paauw",,,75,80,"missing","missing","complete","complete",1830,"1863",,,,,"divisie Matappica","divisie boven Cottica en Perica","sugar","sugar","1855 enslaved people work on plantation Molhoop"
"PSUR0077","De Goede Hoop",,14,13,12,"missing","complete","complete","complete",1830,"1863",,,,,"divisie Saramacca","divisie Saramacca","coffee/cocoa","cocoa",
"PSUR0078","De Goede Verwachting",,11,4,5,"missing","complete","complete","complete",1830,"?",,,"enslaved persons fled the plantation","??","divisie boven Cottica en Perica","divisie boven Cottica en Perica","coffee",,"before 1855 plantation fallen into disuse"
"PSUR0079","De Goede Vrede",,46,148,155,"missing","fragment","complete","complete",1830,"1860",,,"transferred to plantation Hooijland","9-10-1860","divisie boven Suriname en Thorarica","divisie boven Suriname en Thorarica","sugar","sugar",
"PSUR0080","De Hoop",,275,169,182,"missing","complete","complete","complete",1830,"1863",,,,,"divisie boven Suriname en Thorarica","divisie boven Suriname en Thorarica","sugar","sugar",
"PSUR0081","De Isaacshoop",8,,,,"complete","missing","non existent","non existent",1830,"1863","According to the folio they were privately owned enslaved",,,,"divisie Saramacca","divisie Saramacca",,,
"PSUR0082","De Jonge Beijenkorf",111,105,63,,"complete","complete","complete","non existent",1830,"1851",,,"transferred to plantation Dordrecht","24-6-1851","divisie Matappica","divisie boven Cottica en Perica",,,
"PSUR0083","De Lemmert",,,,192,"missing","missing","missing","complete",1830,"1860",,,"transferred to plantation Alliance","9-10-1860","divisie boven Cottica en Perica","divisie boven Cottica en Perica","cotton","sugar","1859 enslaved people work on plantation Lodewijksburg, afterwards on plantation Alliance"
"PSUR0084","De Merveille",,,,227,"missing","missing","missing","complete",1830,"1863",,,,,"divisie boven Suriname en Thorarica","divisie boven Suriname en Thorarica","sugar","sugar",
"PSUR0085","De Morgenster",,,104,132,"missing","missing","complete","complete",1830,"1863",,,,,"divisie Saramacca","divisie Saramacca","coffee","cocoa/coffee",
"PSUR0086","De Nieuwe Grond",,,109,116,"missing","missing","complete","complete",1830,"1860",,,"transferred to plantation Sardam","7-8-1860","divisie beneden Commewijne","divisie beneden Commewijne","coffee","sugar","1859 enslaved people work on plantation Sardam"
"PSUR0087","De Resolutie",335,40,360,631,"complete","fragment","complete","complete",1830,"1863",,,,,"divisie beneden Cottica","divisie beneden Cottica","sugar","sugar",
"PSUR0088","De Twee Kinderen",,,,17,"missing","missing","missing","complete",1830,"1863",,,,,"divisie Para","divisie Para","unknown","timber","1858 enslaved people work on plantation Hanover"
"PSUR0089","De Vier Gezusters",,2,1,,"missing","complete","complete","non existent",1830,"1850",,,"last enslaved person died","14-5-1850","divisie Saramacca","divisie Saramacca",,,
"PSUR0090","De Vier Hendrikken",,41,39,52,"missing","complete","complete","complete",1830,"1863",,,,,"divisie Saramacca","divisie Saramacca","timber","timber",
"PSUR0091","De Vier Kinderen",237,,,275,"complete","missing","missing","complete",1830,"1863",,,,,"divisie Para","divisie Para","timber","timber",
"PSUR0092","De Vrede",,,174,218,"missing","missing","complete","complete",1830,"1863",,,,,"divisie boven Cottica en Perica","divisie boven Cottica en Perica","coffee","coffee",
"PSUR0093","Destombesburg",,121,83,89,"missing","complete","complete","complete",1830,"1856",,,"transferred to plantation Spieringshoek","28-2-1856","divisie boven Commewijne","divisie boven Commewijne","rice","food",
"PSUR0094","Diamond",111,,90,99,"complete","missing","complete","complete",1830,"1857",,,"transferred to plantation Paradize","25-8-1857","Nederdistrict van Nickerie","district Nickerie","plantation plant nursery",,"before 1856 plantation abandoned"
"PSUR0095","Dijkveld",,,220,415,"missing","missing","fragment","complete",1830,"1863",,,,,"divisie Para","divisie Para","sugar","sugar",
"PSUR0096","Domburg",,153,,,"missing","complete","non existent","non existent",1830,"1843",,,"transferred to plantation Petersburg","9-10-1843","divisie Para","divisie Para",,,
"PSUR0097","Dordrecht",176,164,140,290,"complete","complete","fragment","complete",1830,"1863",,,,,"divisie boven Suriname en Thorarica","divisie boven Suriname en Thorarica","sugar","sugar",
"PSUR0098","Driesveld",,106,87,100,"missing","complete","complete","complete",1830,"1860",,,"transferred to plantation Hooijland","9-10-1860","divisie Matappica","divisie beneden Cottica","coffee/cotton","sugar","1859 enslaved people work on plantation Hooijland"
"PSUR0099","Echtenrots",,,,3,"non existent","non existent","non existent","complete",1859,"1860","enrolled at the direction of the government","20-12-1859","transferred to plantation La Paix","25-2-1860","divisie beneden Cottica","divisie beneden Cottica","unknown",,"before 1855 plantation fallen into disuse"
"PSUR0100","Eendragt",,88,57,60,"missing","complete","complete","complete",1830,"1863",,,,,"divisie Saramacca","divisie Saramacca","coffee","not mentioned",
"PSUR0101","Elisabethshof",,16,12,15,"non existent","complete","complete","complete",1839,"1860","transferred from private slave owners","9-11-1839","transferred to private slave owners","31-10-1860","divisie Para","divisie Para","steenfabriek","plantation plant nursery",
"PSUR0102","Elisabethshoop",,121,88,130,"missing","complete","complete","complete",1830,"1863",,,,,"divisie beneden Cottica","divisie beneden Cottica","coffee","coffee",
"PSUR0103","Elk 't Zijn",,,28,26,"missing","missing","complete","complete",1830,"1853",,,"transferred to plantation Lunenburg","15-10-1853","divisie boven Cottica en Perica","divisie boven Cottica en Perica","coffee",,"before 1855 plantation fallen into disuse"
"PSUR0104","Ellen",,,122,135,"missing","missing","complete","complete",1830,"1863",,,,,"divisie beneden Commewijne","divisie beneden Commewijne","sugar","sugar",
"PSUR0105","Ephraimzegen",,13,6,5,"missing","complete","complete","complete",1830,"1863",,,,,"divisie Para","divisie Para","timber",,
"PSUR0106","Ephrata",,,126,157,"missing","missing","complete","complete",1830,"1863",,,,,"divisie Matappica","divisie boven Cottica en Perica","sugar","sugar",
"PSUR0107","Esthersrust",1,212,166,248,"fragment","complete","complete","complete",1830,"1863",,,,,"divisie beneden Cottica","divisie beneden Cottica","cotton","cotton",
"PSUR0108","Fackertshoop",,4,1,1,"missing","complete","complete","complete",1830,"1863",,,,,"divisie Matappica","divisie beneden Cottica","unknown",,"before 1855 plantation abandoned"
"PSUR0109","Fairfield",,105,70,96,"missing","complete","complete","complete",1830,"1863",,,,,"divisie boven Commewijne","divisie boven Commewijne","sugar","sugar",
"PSUR0110","Felix",,5,2,,"missing","complete","complete","non existent",1830,"1851",,,"last enslaved person died","17-2-1851","divisie Matappica","divisie beneden Cottica",,,
"PSUR0111","Forgue",82,,,,"complete","missing","missing","non existent",1830,"1863",,,,,"Nederdistrict van Nickerie","district Nickerie",,,
"PSUR0112","Frederiksdorp",,148,4,2,"missing","complete","complete","complete",1830,"1863",,,"last enslaved person died","14-8-1855","divisie beneden Cottica","divisie beneden Cottica","coffee","coffee",
"PSUR0113","Frederikslust",,348,240,310,"missing","complete","complete","complete",1830,"1863",,,,,"divisie beneden Cottica","divisie beneden Cottica","cotton","cotton",
"PSUR0114","Fridericisgift",,8,6,5,"non existent","complete","complete","complete",1840,"1863","transferred from private slave owners","10-8-1840",,,"divisie Saramacca","divisie Saramacca","coffee/cocoa","cocoa",
"PSUR0115","Fridericiskamp",12,9,,,"complete","complete","non existent","non existent",1830,"1839",,,"transferred to plantation Wolffsijver","31-7-1839","divisie boven Cottica en Perica","divisie boven Cottica en Perica",,,
"PSUR0116","Garcia's kamp",,5,6,7,"non existent","complete","complete","complete",1846,"1861","transferred from plantation Welgemoed and Toevlugt","7-8-1846","transferred to plantation Jagtlust","8-2-1861","divisie boven Suriname en Thorarica","divisie boven Suriname en Thorarica","unknown","not mentioned","before 1856 plantation abandoned; 1858 enslaved people work on plantation Jagtlust"
"PSUR0117","Geertruidenberg",,132,99,128,"missing","complete","complete","complete",1830,"1863",,,,,"divisie beneden Commewijne","divisie beneden Commewijne","coffee","food",
"PSUR0118","Geijersvlijt",,151,111,155,"missing","complete","complete","complete",1830,"1863",,,,,"divisie Para","divisie Para","coffee/cocoa","coffee/cocoa",
"PSUR0119","Gelderland",25,30,25,22,"complete","complete","complete","complete",1830,"1863",,,,,"divisie boven Suriname en Thorarica","divisie boven Suriname en Thorarica","unknown","not mentioned","before 1856 plantation abandoned"
"PSUR0120","George Hendrik (1/2 aandeel Georgina Charlotte Henkel geboren Vogt)",,,,71,"missing","missing","missing","complete",1830,"1861",,,"transferred to plantation Johanna Charlotte (1/2 aandeel mevrouw G. C. Henkel geboren Vogt)","9-9-1861","divisie Matappica","divisie beneden Cottica","cotton","cotton",
"PSUR0121","Good Intent",,,5,4,"missing","missing","complete","complete",1830,"1863",,,,,"Nederdistrict van Nickerie","district Nickerie","cotton","cotton",
"PSUR0122","Goosen",,122,90,117,"missing","complete","complete","complete",1830,"1863",,,,,"divisie Matappica","divisie beneden Cottica","coffee","coffee",
"PSUR0123","Goudmijn",,196,118,155,"missing","complete","complete","complete",1830,"1863",,,,,"divisie boven Commewijne","divisie boven Commewijne","unknown","sugar",
"PSUR0124","Groot Chatillon",,248,80,238,"missing","complete","fragment","complete",1830,"1863",,,,,"divisie boven Suriname en Thorarica","divisie boven Suriname en Thorarica","sugar","sugar",
"PSUR0125","Groot Cuijlenburg",,2,122,132,"missing","fragment","complete","complete",1830,"1863",,,,,"divisie boven Cottica en Perica","divisie boven Cottica en Perica","coffee","coffee",
"PSUR0126","Groot Marseille",,,,124,"missing","missing","missing","complete",1830,"1863",,,,,"divisie boven Cottica en Perica","divisie boven Cottica en Perica","sugar","sugar",
"PSUR0127","Guadeloupe",,231,169,208,"missing","complete","complete","complete",1830,"1863",,,,,"divisie beneden Cottica","divisie beneden Cottica","coffee","coffee",
"PSUR0128","Guineesche Vriendschap",,152,112,202,"missing","complete","complete","complete",1830,"1863",,,,,"divisie boven Suriname en Thorarica","divisie boven Suriname en Thorarica","sugar","sugar",
"PSUR0129","Halle in Saxen",,153,151,175,"missing","fragment","complete","complete",1830,"1863",,,,,"divisie boven Cottica en Perica","divisie boven Cottica en Perica","unknown","coffee",
"PSUR0130","Hamburg Saramacca",,282,199,233,"missing","complete","complete","complete",1830,"1863",,,,,"divisie Saramacca","divisie Saramacca","sugar","sugar",
"PSUR0131-A","Hamburg boven Cottica en Perica",,47,,,"missing","complete","non existent","non existent",1830,"1838",,,"transferred to plantation de Hoop in Thorarica","14-7-1838","divisie boven Cottica en Perica","divisie boven Cottica en Perica",,,
"PSUR0131-B","Hamburg boven Cottica en Perica",,96,91,,"non existent","complete","complete",,1846,"1848","transferred from plantation Maria Petronella and Johanna Maria","19-8-1846","transferred to plantation Visserzorg","28-4-1848","divisie boven Cottica en Perica","divisie boven Cottica en Perica",,,
"PSUR0132","Hamilton",12,,6,6,"complete","missing","complete","complete",1830,"1862",,,"transferred to private slave owners","30-10-1862","Opperdistrict van Nickerie","district Coronie","cotton","cotton",
"PSUR0133","Hamptoncourt",,70,65,126,"non existent","complete","complete","complete",1842,"1863","transferred from plantation Gloucester","23-3-1842",,,"Nederdistrict van Nickerie","district Nickerie","food","sugar",
"PSUR0134","Hanover",,3,199,286,"missing","fragment","complete","complete",1830,"1863",,,,,"divisie Para","divisie Para","timber","timber",
"PSUR0135","Harmonie",,54,50,65,"missing","complete","complete","complete",1830,"1863",,,,,"divisie boven Cottica en Perica","divisie boven Cottica en Perica","cotton",,"before 1858 plantation fallen into disuse"
"PSUR0136","Hazard Nickerie",,250,205,272,"non existent","complete","complete","complete",1844,"1863","transferred from plantations Providence and Forgue","7-2-1844",,,"Nederdistrict van Nickerie","district Nickerie","food","sugar",
"PSUR0137","Hazard boven Commewijne",,,97,113,"missing","missing","complete","complete",1830,"1863",,,,,"divisie boven Commewijne","divisie boven Commewijne","sugar","sugar",
"PSUR0138","Hecht en Sterk",,220,138,191,"missing","complete","complete","complete",1830,"1863",,,,,"divisie beneden Cottica","divisie beneden Cottica","coffee","food",
"PSUR0139","Hiesveld en d'uitvlugt",124,,,,"complete","non existent","non existent","non existent",1830,"<1838",,,"transferred to plantation Nieuw Hoop","<1838","divisie beneden Commewijne","divisie beneden Commewijne",,,
"PSUR0140","Hildesheim",,24,17,,"missing","complete","complete","non existent",1830,"1848",,,"transferred to plantation Breedevoort","2-2-1848","divisie Saramacca","divisie Saramacca",,,
"PSUR0141","Hofwijk",,5,2,2,"missing","complete","complete","complete",1830,"1860",,,"last enslaved person died","28-4-1860","divisie Matappica","divisie beneden Cottica","unknown",,"before 1855 plantation abandoned"
"PSUR0142","Hooijland",,287,211,796,"missing","complete","complete","complete",1830,"1863",,,,,"divisie beneden Commewijne","divisie beneden Commewijne","sugar","sugar",
"PSUR0143","Houttuin",,127,180,404,"missing","fragment","fragment","complete",1830,"1863",,,,,"divisie Para","divisie Para","sugar","sugar",
"PSUR0144","Hulshof",,16,,10,"missing","complete","missing","complete",1830,"1857",,,"transferred to plantation Rustenburg","17-4-1857","divisie boven Cottica en Perica","divisie boven Cottica en Perica","unknown",,"before 1855 plantation fallen into disuse"
"PSUR0145","Huwelijkszorg",,75,,67,"missing","complete","missing","complete",1830,"1863",,,,,"divisie Saramacca","divisie Saramacca","coffee","cocoa/coffee",
"PSUR0146","Indigoveld",,,,65,"missing","missing","missing","complete",1830,"1863",,,,,"divisie Para","divisie Para","timber","timber",
"PSUR0147","Inverness",63,,,75,"complete","missing","missing","complete",1830,"1859",,,"transferred to plantation Leasowes","29-3-1859","Opperdistrict van Nickerie","district Coronie","cotton","cotton",
"PSUR0148","Jagtlust",,,,324,"missing","missing","missing","complete",1830,"1863",,,,,"divisie boven Suriname en Thorarica","divisie boven Suriname en Thorarica","coffee","coffee",
"PSUR0149","Johan en Margaretha",,48,,405,"missing","fragment","missing","complete",1830,"1863",,,,,"divisie beneden Cottica","divisie beneden Cottica","coffee","sugar/coffee",
"PSUR0150","Johanna Catharina",,,,206,"missing","missing","missing","complete",1830,"1863",,,,,"divisie Saramacca","divisie Saramacca","cocoa","cocoa/coffee",
"PSUR0151","Johanna Charlotte",30,55,,146,"complete","fragment","missing","complete",1830,"1860",,,"transferred to private slave owners","20-1-1860","divisie Matappica","divisie beneden Cottica","cotton","cotton","1855 enslaved people work on plantation George Hendrik"
"PSUR0152","Johanna Charlotte (1/2 aandeel mevrouw G. C. Henkel geboren Vogt)",,4,,73,"non existent","complete","missing","complete",1845,"1863","transferred from plantation Louisenburg","3-7-1845",,,"divisie Matappica","divisie beneden Cottica","cotton","cotton","1855 enslaved people work on plantation George Hendrik"
"PSUR0153","Johanna Maria",,,,78,"missing","missing","missing","complete",1830,"1863",,,,,"Opperdistrict van Nickerie","district Coronie","unknown","cotton",
"PSUR0154","Johannesburg Saramacca",,1,,,"non existent","complete","missing","non existent",1846,"1863","transferred from plantation Welgemoed and Toevlugt","2-3-1846",,,"divisie Saramacca","divisie Saramacca",,,
"PSUR0155","Johannesburg beneden Cottica",,,,324,"missing","missing","missing","complete",1830,"1863",,,,,"divisie beneden Cottica","divisie beneden Cottica","coffee","coffee",
"PSUR0156","John",115,,,137,"complete","missing","missing","complete",1830,"1863",,,,,"Opperdistrict van Nickerie","district Coronie","cotton","cotton",
"PSUR0157-A","Katwijk",,,,144,"missing","missing","missing","complete",1830,"1853",,,"transferred to plantation Johannesburg","25-8-1853","divisie beneden Commewijne","divisie beneden Commewijne","coffee","food",
"PSUR0157-B","Katwijk",,,,193,"non existent","non existent","non existent","complete",1854,"1863","transferred from plantation Zwarigheid","22-9-1854",,,"divisie beneden Commewijne","divisie beneden Commewijne",,,
"PSUR0158","Kent",286,,,332,"fragment","missing","missing","complete",1830,"1863",,,,,"divisie Saramacca","divisie Saramacca","sugar","sugar",
"PSUR0159","Kerkshoven",,,,194,"missing","missing","missing","complete",1830,"1863",,,,,"divisie beneden Cottica","divisie beneden Cottica","coffee","coffee",
"PSUR0160","Killenstein",,21,,130,"missing","fragment","missing","complete",1830,"1863",,,,,"divisie beneden Cottica","divisie beneden Cottica","coffee","coffee",
"PSUR0161","Klein Bellevue",,9,1,1,"missing","complete","complete","complete",1830,"??",,,"last enslaved person fled the plantation","??","divisie beneden Cottica","divisie beneden Cottica","coffee",,"before 1855 plantation fallen into disuse"
"PSUR0162","Klein Charlottenburg",,139,110,155,"missing","complete","complete","complete",1830,"1861",,,"transferred to plantation Kroonenburg","4-6-1861","divisie Matappica","divisie beneden Cottica","unknown","cotton","1855 enslaved people work on plantation Anna Catharina"
"PSUR0163","Klein La Jalousie",,,,4,"missing","missing","missing","complete",1830,"1863",,,,,"divisie boven Cottica en Perica","divisie boven Cottica en Perica","unknown",,"before 1855 plantation fallen into disuse"
"PSUR0164","Klein Lunenburg",,4,,,"missing","complete","missing","non existent",1830,"1846",,,"last enslaved person died","14-7-1846","divisie beneden Cottica","divisie beneden Cottica",,,
"PSUR0165","Kleinhoop",,,,160,"missing","missing","missing","complete",1830,"1863",,,,,"divisie Matappica","divisie boven Cottica en Perica","sugar","sugar",
"PSUR0166","Kocqswoud",,,,43,"missing","missing","missing","complete",1830,"1863",,,,,"divisie boven Cottica en Perica","divisie boven Cottica en Perica","coffee","food",
"PSUR0167","Kortevreugd",,,,301,"missing","missing","missing","complete",1830,"1852",,,"transferred to plantation St. Barbara","28-12-1852","divisie Matappica","divisie beneden Cottica","coffee",,"before 1855 plantation abandoned"
"PSUR0168","Kroonenbrug",214,,,1008,"complete","missing","missing","complete",1830,"1863",,,,,"divisie beneden Cottica","divisie beneden Cottica","sugar","sugar",
"PSUR0169","L'Aventure",,161,116,102,"missing","complete","complete","complete",1830,"1855",,,"transferred to plantation Vreeland","8-11-1855","divisie Matappica","divisie boven Cottica en Perica","coffee","coffee",
"PSUR0170","L'Esperance Para",,1,1,,"non existent","complete","complete","non existent",1846,"1849","transferred from plantation Welgemoed and Toevlugt","2-3-1846","last enslaved person died","6-3-1849","divisie Para","divisie Para",,,
"PSUR0171","L'Esperance boven Suriname en Thorarica",,209,151,174,"missing","complete","complete","complete",1830,"1863",,,,,"divisie boven Suriname en Thorarica","divisie boven Suriname en Thorarica","sugar","sugar",
"PSUR0172","L'Hermitage",,9,3,2,"non existent","complete","complete","complete",1841,"1863","transferred from private slave owners","10-6-1841",,,"divisie Saramacca","divisie Saramacca","plantation plant nursery","not mentioned",
"PSUR0173","L'Inquietude",,,,75,"missing","missing","missing","complete",1830,"1863",,,,,"divisie Para","divisie Para","timber","timber",
"PSUR0174","La Campagne",,84,56,73,"missing","complete","complete","complete",1830,"1863",,,,,"divisie beneden Commewijne","divisie beneden Commewijne","coffee","sugar","1858 enslaved people work on plantation Goudmijn"
"PSUR0175","La Diligence",,73,69,77,"missing","complete","complete","complete",1830,"1863",,,,,"divisie boven Suriname en Thorarica","divisie boven Suriname en Thorarica","timber","timber",
"PSUR0176","La Jalousie",,,,177,"missing","missing","missing","complete",1830,"1863",,,,,"divisie boven Commewijne","divisie boven Commewijne","sugar","sugar",
"PSUR0177","La Liberté",,,,114,"missing","missing","missing","complete",1830,"1863",,,,,"divisie boven Suriname en Thorarica","divisie boven Suriname en Thorarica","sugar","sugar",
"PSUR0178","La Nouvelle Esperance",67,60,,,"complete","complete","non existent","non existent",1830,"1846",,,"transferred to plantation Libanon","20-6-1846","divisie boven Cottica en Perica","divisie boven Cottica en Perica",,,
"PSUR0179","La Paix",,,134,302,"missing","missing","complete","complete",1830,"1863",,,,,"divisie boven Cottica en Perica","divisie boven Cottica en Perica","sugar","sugar",
"PSUR0180","La Perseverance Coronie",,,,47,"complete","missing","missing","complete",1830,"1863",,,,,"Opperdistrict van Nickerie","district Coronie","cotton","cotton",
"PSUR0181","La Perseverance boven Cottica en Perica",117,,2,1,"complete","missing","complete","complete",1830,"1853",,,"last enslaved person sent to leper colony","19-11-1853","divisie boven Cottica en Perica","divisie boven Cottica en Perica","coffee",,"before 1855 plantation abandoned"
"PSUR0182","La Poule",,32,107,104,"missing","fragment","complete","complete",1830,"1855",,,"transferred to plantation Belwaarde","21-4-1855","divisie Saramacca","divisie Saramacca","coffee","cocoa",
"PSUR0183","La Prosperité",,,208,270,"missing","missing","complete","complete",1830,"1863",,,,,"divisie Para","divisie Para","timber","timber",
"PSUR0184","La Rencontre",,,106,186,"missing","missing","complete","complete",1830,"1863",,,,,"divisie Para","divisie Para","sugar","sugar",
"PSUR0185","La Resource",,,20,28,"missing","missing","fragment","complete",1830,"1863",,,,,"divisie Saramacca","divisie Saramacca","timber","timber",
"PSUR0186","La Simplicité",,,1,1,"missing","missing","complete","complete",1830,"1856",,,"last enslaved person died","20-12-1856","divisie boven Suriname en Thorarica","divisie boven Suriname en Thorarica","plantation plant nursery","not mentioned",
"PSUR0187","La Singularité",,31,168,152,"missing","fragment","complete","complete",1830,"1852",,,"transferred to plantation 't Vertrouwen","20-4-1852","divisie beneden Cottica","divisie beneden Cottica","sugar",,"before 1855 plantation fallen into disuse"
"PSUR0188","Landlust",,,,34,"missing","missing","missing","complete",1830,"1854",,,"transferred to plantation Mon Trésor","24-4-1854","divisie Matappica","divisie beneden Cottica","coffee","unknown",
"PSUR0189","Landzigt",,,,99,"missing","missing","missing","complete",1830,"1863",,,,,"divisie boven Cottica en Perica","divisie boven Cottica en Perica","unknown",,"before 1855  plantation taken over by plantation Wolffscapoerica"
"PSUR0190","Le Contentement",,88,4,,"missing","complete","complete","non existent",1830,"1848",,,"transferred to plantation Montsort","2-10-1848","divisie boven Cottica en Perica","divisie boven Cottica en Perica",,,
"PSUR0191","Le Mastrouge",,,,146,"missing","missing","missing","complete",1830,"1863",,,,,"divisie boven Cottica en Perica","divisie boven Cottica en Perica","sugar","sugar",
"PSUR0192","Leadshall",,,,1,"missing","missing","missing","complete",1830,"1855",,,"last enslaved person died","17-7-1855","Nederdistrict van Nickerie","district Nickerie","plantation plant nursery",,"1859  plantation fallen into disuse"
"PSUR0193","Leasowes",201,,,497,"complete","missing","missing","complete",1830,"1863",,,,,"Opperdistrict van Nickerie","district Coronie","cotton","cotton","1859 enslaved people work on plantation Clyde"
"PSUR0194","Leijdenshoop en Jacobslust",,,,174,"missing","missing","missing","complete",1830,"1855",,,"Enslaved sold to other plantations","10-3-1855","divisie Matappica","divisie beneden Cottica","cotton",,"before 1858 plantation abandoned"
"PSUR0195","Leijenhoop",105,,,,"complete","non existent","non existent","non existent",1830,"1831",,,"transferred to private slave owners","20-5-1831","divisie Matappica","divisie boven Cottica en Perica",,,
"PSUR0196","Leliendaal",,22,,134,"missing","fragment","missing","complete",1830,"1863",,,,,"divisie beneden Commewijne","divisie beneden Commewijne","coffee","coffee",
"PSUR0197","Leonsberg",,,,93,"missing","missing","missing","complete",1830,"1863",,,,,"divisie Para","divisie Para","coffee","cocoa",
"PSUR0198","Libanon",95,6,,100,"complete","fragment","missing","complete",1830,"1856",,,"transferred to plantation Houttuin","24-4-1856","divisie boven Cottica en Perica","divisie boven Cottica en Perica","sugar","sugar","1858 enslaved people work on plantation Houttuin"
"PSUR0199","Liefdenshoek",,,,1,"missing","missing","missing","complete",1830,"1858",,,"last enslaved person died","13-3-1858","divisie boven Suriname en Thorarica","divisie boven Suriname en Thorarica","unknown","not mentioned","before 1856 plantation abandoned"
"PSUR0200","Liverpool",,,,46,"missing","missing","missing","complete",1830,"1852",,,"transferred to plantation Lust en Rust","6-1-1852","divisie Matappica","divisie boven Cottica en Perica","coffee",,"before 1855 plantation abandoned"
"PSUR0201","Livonia",,,,194,"missing","missing","missing","complete",1830,"1860",,,"transferred to plantation Hooijland","9-10-1860","divisie Matappica","divisie beneden Cottica","coffee/cotton",,"before 1858 plantation abandoned"
"PSUR0202","Livorno",,,,145,"missing","missing","missing","complete",1830,"1863",,,,,"divisie Para","divisie Para","sugar","sugar",
"PSUR0203","Lochaber",23,,,,"complete","non existent","non existent","non existent",1830,"1830",,,"transferred to private slave owners","24-12-1830","Nederdistrict van Nickerie","district Nickerie",,,
"PSUR0204","Lodewijksburg",,,,52,"missing","missing","missing","complete",1830,"1860",,,"transferred to plantation Alliance","9-10-1860","divisie Matappica","divisie beneden Cottica","sugar","sugar","1859 enslaved people work on plantation Alliance"
"PSUR0205","Longmaij",,,,35,"missing","missing","missing","complete",1830,"1863",,,,,"Nederdistrict van Nickerie","district Nickerie","food",,"1855 plantation fallen into disuse"
"PSUR0207","Lot Land No 36",,,,1,"missing","missing","missing","complete",1830,"1863",,,,,"Nederdistrict van Nickerie","district Nickerie","unknown",,"not mentioned in the almanack"
"PSUR0208","Lot Land No 5",,,,2,"non existent","non existent","non existent","complete",1852,"1863","transferred from private slave owners","17-7-1852",,,"Nederdistrict van Nickerie","district Nickerie","unknown",,"not mentioned in the almanack"
"PSUR0209","Lot No 1",,,,5,"missing","missing","missing","complete",1830,"1863",,,,,"Nederdistrict van Nickerie","district Nickerie","unknown",,"1855  plantation fallen into disuse"
"PSUR0210","Lot No 209",,,,108,"missing","missing","missing","complete",1830,"1860",,,"transferred to plantation Burnside","3-4-1860","Opperdistrict van Nickerie","district Coronie",,,
"PSUR0211","Lotland No 10",,,,1,"missing","missing","missing","complete",1830,"1856",,,"last enslaved person sent to leper colony","27-8-1856","Nederdistrict van Nickerie","district Nickerie","coffee",,"1855  plantation fallen into disuse"
"PSUR0212","Lotland No 11",,,,2,"missing","missing","missing","complete",1830,"1861",,,"last enslaved person died","29-8-1861","Nederdistrict van Nickerie","district Nickerie","coffee",,"1855  plantation fallen into disuse"
"PSUR0213","Lotland No 32",,,,1,"missing","missing","missing","complete",1830,"1856",,,"last enslaved person died","21-7-1856","Nederdistrict van Nickerie","district Nickerie","coffee",,"1855  plantation fallen into disuse"
"PSUR0214","Lotland No 34",,,,72,"missing","missing","missing","complete",1830,"1863",,,,,"Nederdistrict van Nickerie","district Nickerie",,,
"PSUR0215","Louisenburg",,,,6,"missing","missing","missing","complete",1830,"1855",,,"transferred to private slave owners","24-4-1855","divisie boven Cottica en Perica","divisie boven Cottica en Perica","coffee",,"1859 plantation fallen into disuse"
"PSUR0216","Lunenburg",,,,155,"missing","missing","missing","complete",1830,"1863",,,,,"divisie boven Cottica en Perica","divisie boven Cottica en Perica","sugar","sugar",
"PSUR0217","Lust en Rust",,,,144,"missing","missing","missing","complete",1830,"1863",,,,,"divisie boven Suriname en Thorarica","divisie boven Suriname en Thorarica","coffee","food",
"PSUR0218","Lust tot Rust en Einde Rust",,,,187,"missing","missing","missing","complete",1830,"1863",,,,,"divisie beneden Cottica","divisie beneden Cottica","coffee","sugar","before 1855 enslaved people work on plantation Rust en Werk"
"PSUR0219","Lustrijk",,,,87,"missing","missing","missing","complete",1830,"1853",,,"transferred to plantation Cannawappibo","31-10-1853","divisie beneden Commewijne","divisie beneden Commewijne","coffee",,"before 1858 plantation abandoned"
"PSUR0220","Luxemburg",3,,,,"complete","non existent","non existent","non existent",1830,"1834",,,"last enslaved person died","16-5-1834","divisie boven Commewijne","divisie boven Commewijne",,,
"PSUR0221","Maagdenburg",,,,146,"missing","missing","missing","complete",1830,"1863",,,,,"divisie boven Suriname en Thorarica","divisie boven Suriname en Thorarica","sugar","sugar",
"PSUR0222","Maasstroom",,,,138,"missing","missing","missing","complete",1830,"1863",,,,,"divisie beneden Cottica","divisie beneden Cottica","coffee","sugar",
"PSUR0223","Manheim",,,,30,"missing","missing","missing","complete",1830,"1853",,,"transferred to plantation Lunenburg","13-10-1853","divisie boven Cottica en Perica","divisie boven Cottica en Perica","coffee",,"before 1859 plantation fallen into disuse"
"PSUR0224","Maretraite Para",,,,19,"missing","missing","missing","complete",1830,"1863",,,,,"divisie Para","divisie Para","unknown","food",
"PSUR0225","Maretraite beneden Commewijne",,,,7,"missing","missing","missing","complete",1830,"1863",,,,,"divisie beneden Commewijne","divisie beneden Commewijne","food",,"before 1855 plantation fallen into disuse"
"PSUR0226","Margarethenburg",,,,52,"missing","missing","missing","complete",1830,"1863",,,,,"Nederdistrict van Nickerie","district Nickerie","coffee","coffee",
"PSUR0227","Maria Petronella",,,,147,"missing","missing","missing","complete",1830,"1863",,,,,"divisie beneden Cottica","divisie beneden Cottica","coffee","coffee",
"PSUR0228","Marienbosch",,,,145,"missing","missing","missing","complete",1830,"1863",,,,,"divisie beneden Cottica","divisie beneden Cottica","coffee/cocoa","coffee",
"PSUR0229","Marienburg",,,,153,"missing","missing","missing","complete",1830,"1863",,,,,"divisie beneden Commewijne","divisie beneden Commewijne","coffee","coffee",
"PSUR0230","Marij's Hope",178,,,223,"complete","missing","missing","complete",1830,"1863",,,,,"Opperdistrict van Nickerie","district Coronie","plantation plant nursery","cotton",
"PSUR0231","Meerzorg",,,,458,"missing","missing","missing","complete",1830,"1863",,,,,"divisie boven Suriname en Thorarica","divisie boven Suriname en Thorarica","sugar","sugar",
"PSUR0232","Meulwijk",,,,78,"missing","missing","missing","complete",1830,"1855",,,"transferred to plantation Vreeland","4-12-1855","divisie boven Cottica en Perica","divisie boven Cottica en Perica","sugar",,"before 1855 plantation abandoned"
"PSUR0233","Mijn Vermaak",,,175,160,"missing","missing","complete","complete",1830,"1852",,,"transferred to plantation Catharina Sophia","27-2-1852","divisie Saramacca","divisie Saramacca","coffee","not mentioned",
"PSUR0234","Misgunst",,,,1,"missing","missing","missing","complete",1830,"1852",,,"last enslaved person died","8-3-1852","divisie boven Cottica en Perica","divisie boven Cottica en Perica","coffee/cotton",,"before 1855 plantation abandoned"
"PSUR0235","Misluktbedrog",,,,4,"missing","missing","missing","complete",1830,"1863",,,,,"divisie Matappica","divisie beneden Cottica","unknown",,"before 1855 plantation abandoned"
"PSUR0236","Moed en Kommer",,,,140,"missing","missing","missing","complete",1830,"1863",,,,,"divisie beneden Cottica","divisie beneden Cottica","cotton","cotton",
"PSUR0237","Moij",109,,,184,"complete","missing","missing","complete",1830,"1863",,,,,"Opperdistrict van Nickerie","district Coronie","cotton","cotton",
"PSUR0238","Molhoop",,,,146,"missing","missing","missing","complete",1830,"1863",,,,,"divisie Matappica","divisie boven Cottica en Perica","sugar","sugar",
"PSUR0239","Mon Affaire",,94,3,2,"missing","complete","complete","complete",1830,"1863",,,,,"divisie beneden Commewijne","divisie beneden Commewijne","unknown",,"before 1855 plantation fallen into disuse"
"PSUR0240","Mon Souci",,,152,187,"missing","missing","complete","complete",1830,"1863",,,,,"divisie beneden Cottica","divisie beneden Cottica","sugar","sugar",
"PSUR0241","Monbijou",,,,110,"missing","missing","missing","complete",1830,"1863",,,,,"divisie boven Cottica en Perica","divisie boven Cottica en Perica","coffee",,"before 1855 plantation abandoned, enslaved people work on plantation Roozenburg"
"PSUR0242","Mondesir",85,,,,"complete","non existent","non existent","non existent",1830,"<1838",,,"transferred to private slave owners","<1838","divisie boven Cottica en Perica","divisie boven Cottica en Perica",,,
"PSUR0243","Monitor",,,,2,"missing","missing","missing","complete",1830,"1856",,,"last enslaved person died","26-11-1856","divisie Saramacca","divisie Saramacca","coffee/cocoa","cocoa",
"PSUR0244","Monplaisir",,,,5,"missing","missing","missing","complete",1830,"1856",,,"transferred to private slave owners","23-6-1856","divisie Para","divisie Para","coffee","food",
"PSUR0245","Monsort",,39,168,212,"missing","fragment","complete","complete",1830,"1863",,,,,"divisie boven Cottica en Perica","divisie boven Cottica en Perica","coffee","coffee",
"PSUR0246-A","Montrésor",,41,,,"missing","fragment","missing","non existent",1830,"1863",,,,,"divisie beneden Commewijne","divisie beneden Commewijne","coffee","food",
"PSUR0246-B","Montrésor",,,,40,"non existent","non existent","non existent","complete",1854,"1863","transferred from plantation Landlust","24-4-1854",,,"divisie beneden Commewijne","divisie beneden Commewijne",,,
"PSUR0247","Morgenstond",,,124,39,"missing","missing","complete","complete",1830,"1859",,,"transferred to plantation Lust en Rust","8-2-1859","divisie Para","divisie Para","coffee","unknown",
"PSUR0248","Munnickendam",,166,199,231,"missing","fragment","complete","complete",1830,"1863",,,,,"divisie boven Cottica en Perica","divisie boven Cottica en Perica","sugar/coffee","sugar",
"PSUR0249","Naccarikkibo",,,10,15,"missing","missing","complete","complete",1830,"1863",,,,,"divisie boven Cottica en Perica","divisie boven Cottica en Perica","unknown",,"1847 plantation taken over by plantation Munnickendam"
"PSUR0250","Nieuw Acconoribo",,110,224,243,"missing","fragment","complete","complete",1830,"1860",,,"transferred to plantation Hooijland","9-10-1860","divisie Matappica","divisie boven Cottica en Perica","coffee",,"before 1855 plantation abandoned"
"PSUR0251","Nieuw Clarenbeek",,,,141,"missing","missing","missing","complete",1830,"1863",,,,,"divisie boven Cottica en Perica","divisie boven Cottica en Perica","coffee","coffee",
"PSUR0252","Nieuw Hoop",,21,10,12,"missing","complete","complete","complete",1830,"1863",,,,,"divisie Saramacca","divisie Saramacca","timber","timber",
"PSUR0253","Nieuw Levant",,,,90,"missing","missing","missing","complete",1830,"1854",,,"transferred to plantation La Rencontre","20-5-1854","divisie Matappica","divisie boven Cottica en Perica","coffee","food",
"PSUR0254","Nieuw Meerzorg",,9,,400,"missing","fragment","missing","complete",1830,"1863",,,,,"divisie beneden Cottica","divisie beneden Cottica","coffee","coffee",
"PSUR0255","Nieuw Mocha",,,,27,"missing","missing","missing","complete",1830,"1863",,,,,"divisie Matappica","divisie boven Cottica en Perica","coffee","food",
"PSUR0256","Nieuw Timotibo",,,17,15,"missing","missing","complete","complete",1830,"1863",,,,,"divisie boven Cottica en Perica","divisie boven Cottica en Perica","unknown",,"1847 enslaved people work on plantation Wolffscapoerica"
"PSUR0257","Nieuw Weergevonden",,,2,2,"missing","missing","complete","complete",1830,"1863",,,,,"divisie boven Suriname en Thorarica","divisie boven Suriname en Thorarica","food","food",
"PSUR0259","Nieuwhoop",,296,211,257,"fragment","complete","complete","complete",1830,"1863",,,,,"divisie boven Commewijne","divisie boven Commewijne","sugar","sugar",
"PSUR0260","Nieuwzorg",,98,327,460,"missing","fragment","complete","complete",1830,"1863",,,,,"divisie boven Commewijne","divisie boven Commewijne","sugar","sugar",
"PSUR0261","Nijd en Spijt",,,137,168,"missing","missing","complete","complete",1830,"1863",,,,,"divisie beneden Commewijne","divisie beneden Commewijne","coffee","coffee",
"PSUR0262","Nooit Volmaakt",,,,12,"non existent","non existent","non existent","complete",1860,"1863","transferred from private slave owners","18-6-1860",,,"divisie Para","divisie Para",,,
"PSUR0263","Novar",27,,,,"complete","missing","missing","non existent",1830,"1863",,,,,"Opperdistrict van Nickerie","district Coronie",,,
"PSUR0264","Nurserij",,,,493,"missing","missing","missing","complete",1830,"1863",,,,,"Nederdistrict van Nickerie","district Nickerie","coffee/sugar","sugar",
"PSUR0265","Nut en Schadelijk",,,90,96,"missing","missing","complete","complete",1830,"1861",,,"transferred to plantation Brouwerslust","4-5-1861","divisie beneden Cottica","divisie beneden Cottica","coffee","sugar","before 1858 enslaved people work in plantation Brouwerslust"
"PSUR0266","Onoribo",,,95,131,"missing","missing","complete","complete",1830,"1863",,,,,"divisie Para","divisie Para","timber","timber",
"PSUR0267","Onverdagt",,,6,5,"missing","missing","complete","complete",1830,"1860",,,"last enslaved person died","7-11-1860","divisie Para","divisie Para","timber","food",
"PSUR0268","Onvergenoegd",,,33,48,"missing","missing","complete","complete",1830,"1861",,,"transferred to plantation Brunswijk","16-8-1861","divisie boven Cottica en Perica","divisie boven Cottica en Perica","coffee","coffee",
"PSUR0269","Onverwacht Matappica",43,,16,1,"complete","missing","complete","complete",1830,"1855",,,"last enslaved person died","7-11-1855","divisie Matappica","divisie beneden Cottica","coffee",,"before 1855 plantation abandoned"
"PSUR0270","Onverwacht Para",,,166,237,"missing","missing","complete","complete",1830,"1863",,,,,"divisie Para","divisie Para","timber","timber",
"PSUR0271","Onverwacht en Duisburg",,,7,9,"missing","missing","complete","complete",1830,"1863",,,,,"divisie Saramacca","divisie Saramacca","plantation plant nursery","food",
"PSUR0272","Ornamibo",,,18,232,"missing","missing","complete","complete",1830,"1863",,,,,"divisie Para","divisie Para","sugar","sugar",
"PSUR0273","Osembo",,,162,192,"missing","missing","complete","complete",1830,"1863",,,,,"divisie Para","divisie Para","timber","timber",
"PSUR0274","Oud Bellevue",,6,1,1,"missing","complete","complete","complete",1830,"1863",,,,,"divisie boven Cottica en Perica","divisie boven Cottica en Perica","sugar/coffee",,"before 1855 plantation abandoned"
"PSUR0275","Overbrug en Cromenie",,,3,3,"missing","missing","complete","complete",1830,"1863",,,,,"divisie boven Suriname en Thorarica","divisie boven Suriname en Thorarica","timber","not mentioned","before 1856 plantation abandoned"
"PSUR0276","Overtoom en Vreeland",,,155,203,"missing","missing","complete","complete",1830,"1863",,,,,"divisie Para","divisie Para","timber","timber",
"PSUR0277","Paradize",,,,505,"missing","missing","missing","complete",1830,"1863",,,,,"Nederdistrict van Nickerie","district Nickerie","sugar","sugar",
"PSUR0278","Penoribo",,,80,96,"missing","missing","complete","complete",1830,"1863",,,,,"divisie boven Commewijne","divisie boven Commewijne","unknown","not mentioned",
"PSUR0279","Perou",142,,82,107,"complete","missing","complete","complete",1830,"1863",,,,,"divisie boven Cottica en Perica","divisie boven Cottica en Perica",,"sugar",
"PSUR0280","Petersburg",,93,228,252,"missing","fragment","complete","complete",1830,"1863",,,,,"divisie boven Suriname en Thorarica","divisie boven Suriname en Thorarica","sugar","sugar",
"PSUR0281","Philipsdaal",,,39,47,"missing","missing","complete","complete",1830,"1861",,,"transferred to plantation Susanna'sdaal","7-1-1861","divisie Matappica","divisie beneden Cottica","unknown",,"al before 1847 enslaved people work on plantation Susannasdaal"
"PSUR0282","Picardie",,113,90,114,"missing","complete","complete","complete",1830,"1863",,,,,"divisie beneden Cottica","divisie beneden Cottica","sugar","sugar",
"PSUR0283","Pieterszorg",,,89,112,"missing","missing","complete","complete",1830,"1863",,,,,"divisie beneden Cottica","divisie beneden Cottica","sugar","sugar",
"PSUR0284","Plaisance 1/3",,,,17,"missing","missing","missing","complete",1830,"1863",,,,,"Nederdistrict van Nickerie","district Nickerie","food",,"1855 plantation taken over by plantation Good Intent"
"PSUR0285","Poelwijk",,,120,339,"missing","missing","fragment","complete",1830,"1863",,,,,"divisie boven Cottica en Perica","divisie boven Cottica en Perica","sugar","sugar",
"PSUR0286","Pomona",13,,129,174,"fragment","missing","complete","complete",1830,"1863",,,,,"divisie beneden Cottica","divisie beneden Cottica","coffee","coffee",
"PSUR0287","Ponthieu",,,101,140,"missing","missing","complete","complete",1830,"1863",,,,,"divisie beneden Cottica","divisie beneden Cottica","coffee","coffee",
"PSUR0288","Potosi",,,,215,"missing","missing","missing","complete",1830,"1863",,,,,"Opperdistrict van Nickerie","district Coronie","cotton","sugar","1858 enslaved people work on plantation Burnside"
"PSUR0289","Potribo",,,128,139,"missing","missing","complete","complete",1830,"1863",,,,,"divisie boven Commewijne","divisie boven Commewijne","sugar","sugar",
"PSUR0290","Providence",145,,,,"complete","missing","missing","non existent",1830,"1863",,,,,"Nederdistrict van Nickerie","District Nickerie",,,
"PSUR0291","Purmerend",,,66,74,"missing","missing","complete","complete",1830,"1863",,,,,"divisie beneden Cottica","divisie beneden Cottica","unknown",,"1846 enslaved people to plantation Zorg en Hoop"
"PSUR0292","Quamabo",,,20,21,"missing","missing","complete","complete",1830,"1863",,,,,"divisie boven Suriname en Thorarica","divisie boven Suriname en Thorarica","timber","timber",
"PSUR0293","Quapibo",,,80,98,"missing","missing","complete","complete",1830,"1863",,,,,"divisie boven Commewijne","divisie boven Commewijne","timber","timber",
"PSUR0294","Rac à Rac",,,81,103,"missing","missing","complete","complete",1830,"1863",,,,,"divisie boven Suriname en Thorarica","divisie boven Suriname en Thorarica","sugar","sugar",
"PSUR0295","Rama",,,11,16,"missing","missing","complete","complete",1830,"1863",,,,,"divisie boven Suriname en Thorarica","divisie boven Suriname en Thorarica","timber","not mentioned",
"PSUR0296","Rees en Crop",,,3,1,"missing","missing","complete","complete",1830,"1853",,,"last enslaved person fled the plantation","25-3-1853","divisie boven Cottica en Perica","divisie boven Cottica en Perica","unknown",,"1847 enslaved people work on plantation Berthoudslust"
"PSUR0297","Reijnsdorp",,,106,125,"missing","missing","complete","complete",1830,"1856",,,"transferred to plantation 't Fortuin","30-5-1856","divisie beneden Cottica","divisie beneden Cottica","coffee","food",
"PSUR0298","Remoncourt",,,2,2,"missing","missing","complete","complete",1830,"1862",,,"last enslaved person died","30-10-1862","divisie boven Suriname en Thorarica","divisie boven Suriname en Thorarica","timber","not mentioned","before 1855 plantation abandoned"
"PSUR0299","Rhijnie",,,,9,"missing","missing","missing","complete",1830,"1855",,,"transferred to private slave owners","18-4-1855","Nederdistrict van Nickerie","district Nickerie","cotton",,"1855  plantation fallen into disuse"
"PSUR0300","Rozenburg",,,143,162,"missing","missing","complete","complete",1830,"1863",,,,,"divisie boven Commewijne","divisie boven Commewijne","unknown","sugar",
"PSUR0301","Rust en Werk",,,168,383,"missing","missing","complete","complete",1830,"1863",,,,,"divisie beneden Cottica","divisie beneden Cottica","coffee","sugar",
"PSUR0302","Rustenburg",,,152,197,"missing","missing","complete","complete",1830,"1863",,,,,"divisie boven Cottica en Perica","divisie boven Cottica en Perica","sugar","sugar",
"PSUR0304","Saltzhalen",71,,65,88,"complete","missing","complete","complete",1830,"1861",,,"transferred to plantation De Resolutie","16-8-1861","divisie boven Commewijne","divisie boven Commewijne","coffee",,"before 1855 plantation fallen into disuse"
"PSUR0305","Saphir",,,1,1,"missing","missing","complete","complete",1830,"1863",,,,,"divisie beneden Commewijne","divisie beneden Commewijne",,,
"PSUR0306","Sara Maria",,,62,61,"missing","missing","complete","complete",1830,"1853",,,"transferred to plantation Vlugt en Trouw","20-10-1853","divisie Saramacca","divisie Saramacca","coffee","not mentioned",
"PSUR0307","Sarah",212,318,,422,"complete","complete","missing","complete",1830,"1863",,,,,"Opperdistrict van Nickerie","district Coronie","cotton","cotton",
"PSUR0308","Sardam",,36,111,215,"missing","fragment","complete","complete",1830,"1863",,,,,"divisie boven Cottica en Perica","divisie boven Cottica en Perica","sugar","sugar",
"PSUR0309","Schaapstede",,,18,24,"missing","missing","complete","complete",1830,"1863",,,,,"divisie beneden Cottica","divisie beneden Cottica","coffee","food",
"PSUR0310","Scheveningen",,,72,79,"missing","missing","complete","complete",1830,"1856",,,"transferred to plantation Cannawappibo","25-1-1856","divisie boven Cottica en Perica","divisie boven Cottica en Perica","coffee",,"before 1858 plantation abandoned"
"PSUR0311","Schoonoord",,59,217,278,"missing","fragment","complete","complete",1830,"1863",,,,,"divisie beneden Commewijne","divisie beneden Commewijne","sugar","sugar",
"PSUR0312","Sinabo en Gelre",,10,97,128,"missing","fragment","complete","complete",1830,"1863",,,,,"divisie boven Commewijne","divisie boven Commewijne","sugar","sugar",
"PSUR0313","Slootwijk",,41,20,159,"missing","fragment","fragment","complete",1830,"1863",,,,,"divisie boven Commewijne","divisie boven Commewijne","sugar","sugar",
"PSUR0314","Somerzorg",,,,37,"missing","missing","missing","complete",1830,"1860",,,"transferred to plantation Hooijland","9-10-1862","divisie Matappica","divisie beneden Cottica","coffee",,"before 1859 plantation abandoned"
"PSUR0315","Sonnette",,,23,27,"missing","missing","complete","complete",1830,"1863",,,,,"divisie Saramacca","divisie Saramacca","timber","timber",
"PSUR0316","Sophia'slust",,,84,108,"missing","missing","complete","complete",1830,"1860",,,"transferred to plantation Alliance","9-10-1860","divisie boven Cottica en Perica","divisie boven Cottica en Perica","unknown","sugar","1859 enslaved people work on plantation Lodewijksburg, afterwards on plantation Alliance"
"PSUR0317","Spieringshoek",,,121,226,"missing","missing","complete","complete",1830,"1863",,,,,"divisie beneden Commewijne","divisie beneden Commewijne","coffee","coffee",
"PSUR0318","Sporksgift",,,118,149,"missing","missing","complete","complete",1830,"1860",,,"transferred to plantation Alliance","9-10-1860","divisie Matappica","divisie beneden Cottica","coffee","sugar","1859 enslaved people work on plantation Hooijland"
"PSUR0319","St. Barbara",,184,126,524,"missing","complete","complete","complete",1830,"1863",,,,,"divisie boven Suriname en Thorarica","divisie boven Suriname en Thorarica","unknown","not mentioned",
"PSUR0320","St. Eustatius",,122,120,227,"missing","complete","complete","complete",1830,"1863",,,,,"divisie boven Suriname en Thorarica","divisie boven Suriname en Thorarica","unknown","sugar",
"PSUR0321","St. Germain",,97,80,98,"missing","complete","complete","complete",1830,"1863",,,,,"divisie beneden Commewijne","divisie beneden Commewijne","coffee","coffee",
"PSUR0322","Susanna'sdaal",,,72,130,"missing","missing","complete","complete",1830,"1863",,,,,"divisie boven Suriname en Thorarica","divisie boven Suriname en Thorarica","sugar","sugar",
"PSUR0323","Susanna'sdaal (half aandeel)",,4,,,"non existent","complete","missing","non existent",1846,"1863","transferred from plantation Welgemoed and Toevlugt","2-3-1846",,,"divisie boven Suriname en Thorarica","divisie boven Suriname en Thorarica",,,
"PSUR0324","Toevlugt",,,4,2,"missing","missing","complete","complete",1830,"1863",,,,,"divisie boven Suriname en Thorarica","divisie boven Suriname en Thorarica","timber","plantation plant nursery",
"PSUR0325","Toledo",,12,131,120,"missing","fragment","complete","complete",1830,"1860",,,"transferred to plantation Guineesche Vriendschap","26-9-1860","divisie boven Suriname en Thorarica","divisie boven Suriname en Thorarica","sugar","sugar",
"PSUR0326","Tourtonne",,,5,5,"missing","missing","complete","complete",1830,"1863",,,,,"divisie Para","divisie Para","coffee/cocoa","cocoa",
"PSUR0327","Tout lui faut",,,95,145,"missing","missing","complete","complete",1830,"1863",,,,,"divisie Para","divisie Para","sugar","sugar",
"PSUR0328","Twijfelachtig",,,67,78,"missing","missing","complete","complete",1830,"1863",,,,,"divisie Matappica","divisie boven Cottica en Perica","coffee","coffee",
"PSUR0329","Uit en t'Huis",,3,2,2,"non existent","complete","complete","complete",1846,"1858","transferred from private slave owners","6-10-1846","last enslaved person died","7-12-1858","divisie Para","divisie Para","plantation plant nursery","plantation plant nursery",
"PSUR0330","Union 1/3",,108,,108,"missing","complete","missing","complete",1830,"1857",,,"transferred to plantation Paradize","9-11-1857","Nederdistrict van Nickerie","district Nickerie","cotton","sugar","1855 plantation taken over by plantation Good Intent; 1859 enslaved people work on plantation Paradise"
"PSUR0331","Union 2/3",,165,,148,"missing","complete","missing","complete",1830,"1857",,,"transferred to plantation Paradize","9-11-1857","Nederdistrict van Nickerie","district Nickerie","cotton","sugar","1859 enslaved people work on plantation Paradise"
"PSUR0332","Vaderszorg",,,,21,"non existent","non existent","non existent","complete",1860,"1863","transferred from plantation Alsimo","30-1-1860",,,"divisie Para","divisie Para","kollegietuin (botanical garden)",,"became part of the city of Paramaribo before 1855"
"PSUR0333","Vaderszorg en Karelsdeel",,,34,37,"missing","missing","complete","complete",1830,"1863",,,,,"divisie Matappica","divisie beneden Cottica","cotton","cotton",
"PSUR0334","Victoria",,,53,71,"missing","missing","complete","complete",1830,"1863",,,,,"divisie boven Suriname en Thorarica","divisie boven Suriname en Thorarica","timber","timber",
"PSUR0335","Vissershaven",,,3,4,"missing","missing","complete","complete",1830,"1853",,,"transferred to private slave owners","25-8-1853","divisie boven Cottica en Perica","divisie boven Cottica en Perica","unknown",,"before 1855 plantation abandoned"
"PSUR0336","Visserszorg",,103,320,437,"missing","fragment","fragment","complete",1830,"1863",,,,,"divisie beneden Commewijne","divisie beneden Commewijne","sugar","sugar",
"PSUR0337","Vlugt en Trouw",,5,35,105,"missing","fragment","complete","complete",1830,"1859",,,"transferred to plantation Dordrecht","29-7-1859","divisie boven Cottica en Perica","divisie boven Cottica en Perica","coffee","sugar","1859 enslaved people work on plantation Dordrecht"
"PSUR0338","Voorburg",,,167,312,"missing","missing","complete","complete",1830,"1863",,,,,"divisie boven Suriname en Thorarica","divisie boven Suriname en Thorarica","sugar","sugar",
"PSUR0339","Vossenburg",,48,274,337,"missing","fragment","complete","complete",1830,"1863",,,,,"divisie boven Commewijne","divisie boven Commewijne","sugar","sugar",
"PSUR0340","Vredenburg",,,84,74,"missing","missing","complete","complete",1830,"1859",,,"transferred to plantation Ornamibo","5-3-1859","divisie Para","divisie Para","sugar","food","before 1858 enslaved people work on plantation Ornamibo"
"PSUR0341","Vreeland",,48,242,483,"missing","fragment","complete","complete",1830,"1863",,,,,"divisie boven Suriname en Thorarica","divisie boven Suriname en Thorarica","sugar","sugar",
"PSUR0342","Vriendsbeleid en Ouderzorg",,,140,171,"missing","missing","complete","complete",1830,"1863",,,,,"divisie beneden Commewijne","divisie beneden Commewijne","coffee","coffee",
"PSUR0343","Vrouwenvlijt",,,143,127,"missing","missing","complete","complete",1830,"1851",,,"transferred to plantation Dijkveld","11-3-1851","divisie beneden Commewijne","divisie beneden Commewijne","coffee",,"before 1855 plantation fallen into disuse"
"PSUR0344","Waicoribo",,,160,196,"missing","missing","fragment","complete",1830,"1863",,,,,"divisie boven Commewijne","divisie boven Commewijne","timber",,"before 1855 plantation fallen into disuse; before 1858 enslaved people work on plantation Susanna'sdal"
"PSUR0345","Waijamoe",,,123,122,"missing","missing","complete","complete",1830,"1855",,,"transferred to plantation La Paix","8-11-1855","divisie boven Cottica en Perica","divisie boven Cottica en Perica","coffee",,"before 1855 plantation abandoned"
"PSUR0346","Waijampibo",,,102,,"missing","missing","complete","non existent",1830,"1849",,,"transferred to plantation St. Eustatius","19-4-1849","divisie boven Commewijne","divisie boven Commewijne",,,
"PSUR0347","Waterland",,,78,88,"missing","missing","complete","complete",1830,"1863",,,,,"divisie Para","divisie Para","sugar","sugar",
"PSUR0348","Waterloo Nickerie",,234,,327,"missing","complete","missing","complete",1830,"1863",,,,,"Nederdistrict van Nickerie","district Nickerie","coffee/sugar","sugar",
"PSUR0349","Waterloo beneden Cottica",,,9,20,"missing","missing","complete","complete",1830,"1860",,,"transferred to plantation Alliance","9-10-1860","divisie beneden Cottica","divisie beneden Cottica","cotton","cotton",
"PSUR0350","Waterwijk",,,83,82,"missing","missing","complete","complete",1830,"1863",,,,,"divisie boven Cottica en Perica","divisie boven Cottica en Perica","unknown",,"from 1847 enslaved people work on plantation Hazard"
"PSUR0351","Wederzorg",,,181,198,"missing","missing","complete","complete",1830,"1863",,,,,"divisie beneden Commewijne","divisie beneden Commewijne","coffee","coffee",
"PSUR0352","Welgeleegen",31,,,,"complete","non existent","non existent","non existent",1830,"1836",,,"transferred to private slave owners","1-4-1836","Opperdistrict van Nickerie","district Coronie",,,
"PSUR0353","Welgemoed en Toevlugt",,,4,1,"missing","missing","complete","complete",1830,"1863",,,,,"divisie beneden Commewijne","divisie beneden Commewijne","coffee",,"before 1855 plantation fallen into disuse"
"PSUR0354","Weltevreden",,12,5,6,"missing","complete","complete","complete",1830,"1861",,,"transferred to private slave owners","27-6-1861","divisie beneden Commewijne","divisie beneden Commewijne","coffee","cocoa",
"PSUR0355","Wilhelmina Catharina Frederica",,,18,17,"missing","missing","complete","complete",1830,"1863",,,,,"divisie Saramacca","divisie Saramacca","timber","timber",
"PSUR0356","Wolffscapoerica",125,,71,77,"complete","missing","complete","complete",1830,"1863",,,,,"divisie boven Cottica en Perica","divisie boven Cottica en Perica","sugar","sugar",
"PSUR0357","Wolffsijver",,,9,8,"missing","missing","complete","complete",1830,"1863",,,,,"divisie boven Cottica en Perica","divisie boven Cottica en Perica","brick factory",,"before 1859 plantation abandoned"
"PSUR0358","Zeezigt",,22,460,609,"missing","fragment","complete","complete",1830,"1861",,,"transferred to plantation Kroonenburg","3-9-1861","divisie boven Cottica en Perica","divisie boven Cottica en Perica","cotton","cotton",
"PSUR0359","Zeldenrust en Welgelegen",,34,229,306,"missing","fragment","complete","complete",1830,"1863",,,,,"divisie boven Cottica en Perica","divisie boven Cottica en Perica","coffee","coffee",
"PSUR0360","Zoelen",,,149,178,"missing","missing","complete","complete",1830,"1863",,,,,"divisie beneden Commewijne","divisie beneden Commewijne","sugar","sugar",
"PSUR0361","Zorg en Hoop Para",,2,2,1,"non existent","complete","complete","complete",1846,"1863","transferred from plantation Welgemoed and Toevlugt","2-3-1846",,,"divisie Saramacca","divisie Saramacca","plantation plant nursery",,"before 1855 plantation abandoned"
"PSUR0362","Zorg en Hoop beneden Cottica",,,99,130,"missing","missing","complete","complete",1830,"1863",,,,,"divisie beneden Cottica","divisie beneden Cottica","sugar","sugar",
"PSUR0363","Zorgvliet",,,93,178,"missing","missing","complete","complete",1830,"1863",,,,,"divisie beneden Commewijne","divisie beneden Commewijne","coffee","coffee",
"PSUR0364","Zwarigheid",,,156,157,"missing","missing","complete","complete",1830,"1854",,,"transferred to plantation Katwijk","22-9-1854","divisie boven Cottica en Perica","divisie boven Cottica en Perica","cotton",,"before 1858 plantation abandoned"
"PSUR0365","d'Alijda en Karelsburg",,,111,141,"missing","missing","complete","complete",1830,"1863",,,,,"divisie boven Cottica en Perica","divisie boven Cottica en Perica","sugar","sugar",
"PSUR0366","den Briel",,172,,,"missing","complete","non existent","non existent",1830,"1839",,,"transferred to plantation Munnikendam","31-7-1839","divisie boven Cottica en Perica","divisie boven Cottica en Perica",,,
"PSUR0367","s Gravenhage",,30,,,"missing","complete","non existent","non existent",1830,"1839",,,"transferred to plantation d'Alijda","14-3-1839","divisie boven Cottica en Perica","divisie boven Cottica en Perica",,,
"PSUR0368","s Hagenbosch",,2,,,"missing","complete","non existent","non existent",1830,"1839",,,"transferred to plantation d'Alijda","14-3-1839","divisie boven Cottica en Perica","divisie boven Cottica en Perica",,,
"PSUR0369","t Fortuin",,40,29,170,"missing","complete","complete","complete",1830,"1863",,,,,"divisie boven Commewijne","divisie boven Commewijne","sugar","sugar",
"PSUR0370","t IJland",,,213,217,"missing","missing","complete","complete",1830,"1863",,,,,"divisie boven Suriname en Thorarica","divisie boven Suriname en Thorarica","sugar","sugar",
"PSUR0371","t Vertrouwen",,92,260,611,"missing","fragment","fragment","complete",1830,"1863",,,,,"divisie beneden Cottica","divisie beneden Cottica","sugar","sugar",
"PSUR0372","Etablissement Montresor",,7,,4,"non existent","complete","missing","complete",1846,"1863","transferred from plantation Welgemoed and Toevlugt","7-3-1846",,,"divisie beneden Commewijne","divisie beneden Commewijne",,,
"PSUR0373","Lot Litt. K",,,,6,"missing","missing","missing","complete",1830,"1863",,,,,"Nederdistrict van Nickerie","district Nickerie",,,
