"clusterIndex","variants","clusterLocationsSummary","clusterKnownSpellingsSummary","Atlantische kust","Beneden-Commewijne","Beneden-Saramacca","Booms Kreek","Boven-Commewijne","Boven-Cottica","Boven-Saramacca","Cassewinicakreek","Commetewane Kreek","Coropina Kreek","Cottica","Jonkermans Kreek","Marechals Kreek","Matappica Kreek","Mot Kreek","Nickerierivier","Orelana Kreek","Pad van Wanica","Para Kreek","Paramarica Kreek","Pararak Kreek","Pararakweg","Paulus Kreek","Perica Kreek","Rijweg naar Kwatta","Saramacca","Suriname","Surnaus Kreek","Tapoeripa Kreek","Tawayarie Kreek","Tawaycoera Kreek","Vredenburger Kreek","Wanica Kreek","Warappa Kreek","Wayamoe Kreek","variantCount","recordCount"
"1","Aan de Vier Kinderen | Aan De Vier Kinderen | De Twee Kinderen | De Vier Kinderen | De Zes Kinderen | Vier Kinderen","Boven-Commewijne | Coropina Kreek | Pad van Wanica | Suriname | Tawaycoera Kreek","Aan de Vier Kinderen | Aan De Vier Kinderen | De Twee Kinderen | De Vier Kinderen | De Zes Kinderen | Vier Kinderen","","","","","stm-01184 (De Vier Kinderen)","","","","","stm-01491 (De Vier Kinderen)","","","","","","","","stm-02237 (Vier Kinderen)","","","","","","","","","stm-00543 (De Twee Kinderen)","","","","stm-01508 (Aan de Vier Kinderen); stm-01909 (Aan de Vier Kinderen); stm-01509 (Aan De Vier Kinderen); stm-01515 (Aan De Vier Kinderen)","","","","","6","11"
"2","Aan Onoribo","Para Kreek | Pararakweg","Aan Onoribo","","","","","","","","","","","","","","","","","","","stm-01315 (Aan Onoribo)","","","stm-01297 (Aan Onoribo); stm-01304 (Aan Onoribo); stm-01310 (Aan Onoribo)","","","","","","","","","","","","","","1","6"
"3","Abigael's lust | Abigail's lust","Pad van Wanica | Warappa Kreek","Abigael's lust | Abigail's lust","","","","","","","","","","","","","","","","","","stm-01380 (Abigael's lust)","","","","","","","","","","","","","","","","stm-00705 (Abigail's lust)","","2","2"
"4","Adrichem","Matappica Kreek | Suriname","Adrichem","","","","","","","","","","","","","","stm-00597 (Adrichem)","","","","","","","","","","","","","stm-01856 (Adrichem)","","","","","","","","","1","2"
"5","Anna Catharina | Johanna Catharina","Beneden-Saramacca | Matappica Kreek","Anna Catharina | Johanna Catharina","","","stm-00936 (Johanna Catharina); stm-00943 (Johanna Catharina); stm-01672 (Johanna Catharina)","","","","","","","","","","","stm-00615 (Anna Catharina)","","","","","","","","","","","","","","","","","","","","","","2","4"
"6","Anna's Lust | Anna's rust","Pad van Wanica | Tapoeripa Kreek","Anna's Lust | Anna's rust | Anna's rust en Haast u langzaam","","","","","","","","","","","","","","","","","","stm-02238 (Anna's Lust)","","","","","","","","","","","stm-00814 (Anna's rust)","","","","","","","2","2"
"7","Berg op Zoom | Bergen op Zoom","Boven-Commewijne | Jonkermans Kreek | Marechals Kreek | Suriname","Berg op Zoom | Bergen op Zoom","","","","","stm-02447 (Bergen op Zoom)","","","","","","","stm-02278 (Berg op Zoom)","stm-02162 (Bergen op Zoom)","","","","","","","","","","","","","","stm-01901 (Bergen op Zoom)","","","","","","","","","2","4"
"8","Berkshoven | Kerkshoven","Boven-Commewijne | Warappa Kreek","Berkshoven | Kerkshoven","","","","","stm-01013 (Berkshoven)","","","","","","","","","","","","","","","","","","","","","","","","","","","","","stm-00599 (Kerkshoven)","","2","2"
"9","Berlijn","Beneden-Commewijne | Para Kreek","Berlijn","","stm-00658 (Berlijn)","","","","","","","","","","","","","","","","","stm-01525 (Berlijn)","","","","","","","","","","","","","","","","","1","2"
"10","Bigrar","Jonkermans Kreek | Marechals Kreek | Suriname","Bigrar","","","","","","","","","","","","stm-02494 (Bigrar)","stm-00887 (Bigrar); stm-01443 (Bigrar)","","","","","","","","","","","","","","stm-00524 (Bigrar)","","","","","","","","","1","4"
"11","Bleyenhoop","Boven-Cottica | Pad van Wanica","Bleyenhoop","","","","","","stm-02367 (Bleyenhoop)","","","","","","","","","","","","stm-02241 (Bleyenhoop)","","","","","","","","","","","","","","","","","","1","2"
"12","Bloemendaal | Bloemendal","Jonkermans Kreek | Marechals Kreek","Bloemendaal | Bloemendal","","","","","","","","","","","","stm-02275 (Bloemendaal)","stm-01458 (Bloemendal)","","","","","","","","","","","","","","","","","","","","","","","2","2"
"13","Bremen","Suriname | Warappa Kreek","Bremen","","","","","","","","","","","","","","","","","","","","","","","","","","","stm-02315 (Bremen)","","","","","","","stm-02200 (Bremen)","","1","2"
"14","Broedershoop","Wanica Kreek | Warappa Kreek","Broedershoop","","","","","","","","","","","","","","","","","","","","","","","","","","","","","","","","","stm-02280 (Broedershoop)","stm-00683 (Broedershoop)","","1","2"
"15","Campenburg | Kampenburg","Beneden-Commewijne","Campenburg | Kampenburg","","stm-00672 (Campenburg); stm-02261 (Kampenburg)","","","","","","","","","","","","","","","","","","","","","","","","","","","","","","","","","","2","2"
"16","Charlottenburg","Boven-Cottica | Coropina Kreek | Nickerierivier","Charlottenburg","","","","","","stm-00822 (Charlottenburg); stm-00825 (Charlottenburg)","","","","stm-02150 (Charlottenburg)","","","","","","stm-02463 (Charlottenburg)","","","","","","","","","","","","","","","","","","","","1","5"
"17","Concordia","Beneden-Saramacca | Boven-Commewijne | Para Kreek","Concordia","","","stm-01081 (Concordia)","","stm-01167 (Concordia)","","","","","","","","","","","","","","stm-01294 (Concordia)","","","","","","","","","","","","","","","","","1","3"
"18","Constantia | Constantie","Boven-Cottica | Matappica Kreek","Constantia | Constantie","","","","","","stm-01198 (Constantie)","","","","","","","","stm-00689 (Constantia)","","","","","","","","","","","","","","","","","","","","","","2","2"
"19","Crappa hoek | Crappahoek","Nickerierivier","Crappa hoek | Crappahoek","","","","","","","","","","","","","","","","stm-00753 (Crappa hoek); stm-01631 (Crappa hoek); stm-02490 (Crappahoek)","","","","","","","","","","","","","","","","","","","","2","3"
"20","Curacabo | Curacao","Boven-Commewijne | Marechals Kreek | Wanica Kreek","Curacabo | Curacao","","","","","stm-01023 (Curacabo)","","","","","","","","stm-01223 (Curacao); stm-01224 (Curacao); stm-01457 (Curacao)","","","","","","","","","","","","","","","","","","","","stm-01681 (Curacao)","","","2","5"
"21","Dageraad (Land van) | De Dageraad (Land van)","Cassewinicakreek | Commetewane Kreek","Dageraad (Land van) | De Dageraad (Land van)","","","","","","","","stm-02205 (Dageraad (Land van))","stm-02471 (De Dageraad (Land van))","","","","","","","","","","","","","","","","","","","","","","","","","","","2","2"
"22","Dankbaarheid | De Dankbaarheid","Beneden-Saramacca | Mot Kreek | Wanica Kreek","Dankbaarheid | De Dankbaarheid","","","stm-00919 (De Dankbaarheid); stm-01712 (De Dankbaarheid)","","","","","","","","","","","","stm-01250 (De Dankbaarheid)","","","","","","","","","","","","","","","","","","stm-01699 (Dankbaarheid)","","","2","4"
"23","De Dageraad","Boven-Commewijne | Commetewane Kreek | Mot Kreek","De Dageraad","","","","","stm-01026 (De Dageraad)","","","","stm-02472 (De Dageraad)","","","","","","stm-00802 (De Dageraad)","","","","","","","","","","","","","","","","","","","","","1","3"
"24","De Drie Gebroeders | De twee Gebroeders | Drie Gebroeders | Twee Gebroeders","Cassewinicakreek | Mot Kreek | Saramacca | Suriname","De drie gebroeders | De Drie Gebroeders | De twee Gebroeders | Drie Gebroeders | Twee Gebroeders","","","","","","","","stm-02206 (Drie Gebroeders)","","","","","","","stm-00791 (De twee Gebroeders)","","","","","","","","","","","stm-02248 (Twee Gebroeders)","stm-00876 (De Drie Gebroeders); stm-01332 (De Drie Gebroeders)","","","","","","","","","4","6"
"25","De Eendragt","Boven-Cottica | Cottica","De Eendragt","","","","","","stm-01217 (De Eendragt); stm-01263 (De Eendragt)","","","","","stm-02285 (De Eendragt)","","","","","","","","","","","","","","","","","","","","","","","","","1","3"
"26","De Goede Hoop","Beneden-Saramacca | Suriname","De Goede Hoop","","","stm-01962 (De Goede Hoop)","","","","","","","","","","","","","","","","","","","","","","","","stm-01423 (De Goede Hoop)","","","","","","","","","1","2"
"27","De goede verwachting | De Goede verwachting | De Goede Verwachting","Beneden-Saramacca | Mot Kreek | Wanica Kreek","De goede verwachting | De Goede verwachting | De Goede Verwachting","","","stm-01776 (De goede verwachting)","","","","","","","","","","","","stm-00820 (De Goede verwachting); stm-00716 (De Goede Verwachting)","","","","","","","","","","","","","","","","","","stm-01388 (De Goede Verwachting)","","","3","4"
"28","De Herstelling","Beneden-Saramacca | Cassewinicakreek | Warappa Kreek","De Herstelling","","","stm-01956 (De Herstelling)","","","","","stm-02210 (De Herstelling)","","","","","","","","","","","","","","","","","","","","","","","","","","stm-00682 (De Herstelling)","","1","3"
"29","De Hoop","Atlantische kust | Suriname","De Hoop","stm-02269 (De Hoop)","","","","","","","","","","","","","","","","","","","","","","","","","","stm-00642 (De Hoop)","","","","","","","","","1","2"
"30","De Hulp","Orelana Kreek | Vredenburger Kreek","De Hulp","","","","","","","","","","","","","","","","","stm-02083 (De Hulp)","","","","","","","","","","","","","","","stm-01144 (De Hulp)","","","","1","2"
"31","De Nieuwe Aanleg | Nieuwe Aanleg","Beneden-Saramacca | Orelana Kreek | Rijweg naar Kwatta","De Nieuwe Aanleg | Nieuwe Aanleg","","","stm-02457 (Nieuwe Aanleg)","","","","","","","","","","","","","","stm-02088 (Nieuwe Aanleg)","","","","","","","","stm-02446 (De Nieuwe Aanleg)","","","","","","","","","","","2","3"
"32","De Nieuwe Hoop | De Nieuwhoop","Boven-Commewijne | Para Kreek | Saramacca","De Nieuwe Hoop | De Nieuwhoop | Nieuwe Hoop","","","","","stm-01179 (De Nieuwhoop)","","","","","","","","","","","","","","stm-01507 (De Nieuwe Hoop)","","","","","","","stm-00951 (De Nieuwe Hoop); stm-01720 (De Nieuwe Hoop)","","","","","","","","","","2","4"
"33","De Resolutie","Jonkermans Kreek | Suriname","De Resolutie","","","","","","","","","","","","stm-02106 (De Resolutie)","","","","","","","","","","","","","","","stm-02316 (De Resolutie)","","","","","","","","","1","2"
"34","De Vier Gezusters","Boven-Saramacca | Orelana Kreek","De Vier Gezusters","","","","","","","stm-01914 (De Vier Gezusters)","","","","","","","","","","stm-02063 (De Vier Gezusters)","","","","","","","","","","","","","","","","","","","1","2"
"35","De vrede | De Vrede","Boven-Cottica | Para Kreek","De vrede | De Vrede","","","","","","stm-01122 (De Vrede)","","","","","","","","","","","","","stm-01535 (De Vrede)","","","","","","","","","","","","","","","","","2","3"
"36","De Zwarigheid","Boven-Cottica | Vredenburger Kreek","De Zwarigheid","","","","","","stm-01154 (De Zwarigheid)","","","","","","","","","","","","","","","","","","","","","","","","","","stm-02233 (De Zwarigheid)","","","","1","2"
"37","Eendracht","Beneden-Saramacca | Commetewane Kreek","Eendracht","","","stm-00941 (Eendracht); stm-01357 (Eendracht)","","","","","","stm-02203 (Eendracht)","","","","","","","","","","","","","","","","","","","","","","","","","","","1","3"
"38","Eendragt (Land van)","Commetewane Kreek | Perica Kreek","Eendragt (Land van)","","","","","","","","","stm-02358 (Eendragt (Land van))","","","","","","","","","","","","","","","stm-02228 (Eendragt (Land van))","","","","","","","","","","","","1","2"
"39","Eikenhoop | Leidenshoop | Leijenhoop | Liefdenshoek | Liefdenshoop","Matappica Kreek | Orelana Kreek | Paramarica Kreek | Suriname","Eikenhoop | Leidenshoop | Leijenhoop | Liefdenshoek | Liefdenshoop","","","","","","","","","","","","","","stm-00605 (Leidenshoop)","","","stm-02070 (Liefdenshoop)","","","stm-00792 (Leijenhoop)","","","","","","","stm-02123 (Eikenhoop); stm-01421 (Liefdenshoek)","","","","","","","","","5","5"
"40","Elisabeth's hoop | Elisabethshof | Elisabethshoop","Beneden-Commewijne | Beneden-Saramacca | Suriname","Elisabeth's hoop | Elisabethshof | Elisabethshoop","","stm-00659 (Elisabethshoop)","stm-00948 (Elisabeth's hoop); stm-01942 (Elisabeth's hoop)","","","","","","","","","","","","","","","","","","","","","","","","stm-00541 (Elisabethshof)","","","","","","","","","3","4"
"41","Esther's Lust | Esther's rust","Suriname | Warappa Kreek","Esther's Lust | Esther's rust","","","","","","","","","","","","","","","","","","","","","","","","","","","stm-01888 (Esther's Lust)","","","","","","","stm-00708 (Esther's rust); stm-00868 (Esther's rust); stm-00869 (Esther's rust)","","2","4"
"42","Flammenburg | Vlammenburg","Boven-Commewijne","Flammenburg | Vlammenburg","","","","","stm-02168 (Flammenburg); stm-01020 (Vlammenburg)","","","","","","","","","","","","","","","","","","","","","","","","","","","","","","","2","2"
"43","Flammenburg (Land van) | Vlammenburg (Land van)","Boven-Commewijne | Cassewinicakreek","Flammenburg (Land van) | Vlammenburg (Land van)","","","","","stm-02176 (Flammenburg (Land van))","","","stm-02209 (Vlammenburg (Land van))","","","","","","","","","","","","","","","","","","","","","","","","","","","","2","2"
"44","Fortuin (Land van) | Houtthuin (Land van)","Commetewane Kreek | Suriname","Fortuin (Land van) | Houtthuin (Land van)","","","","","","","","","stm-02357 (Fortuin (Land van))","","","","","","","","","","","","","","","","","","stm-02320 (Houtthuin (Land van))","","","","","","","","","2","2"
"45","Frederiksburg","Beneden-Commewijne | Pararakweg","Frederiksburg","","stm-00679 (Frederiksburg)","","","","","","","","","","","","","","","","","","","","stm-01299 (Frederiksburg)","","","","","","","","","","","","","","1","2"
"46","Frederiksdorp | Frederikshoop","Beneden-Commewijne | Pad van Wanica","Frederiksdorp | Frederikshoop","","stm-00653 (Frederiksdorp)","","","","","","","","","","","","","","","","stm-01385 (Frederikshoop)","","","","","","","","","","","","","","","","","","2","2"
"47","Frederikslust","Pararakweg | Warappa Kreek","Frederikslust","","","","","","","","","","","","","","","","","","","","","","stm-02156 (Frederikslust)","","","","","","","","","","","","stm-00681 (Frederikslust)","","1","2"
"48","Garcia's kamp | Garciaskamp","Marechals Kreek | Suriname","Garcia's kamp | Garciaskamp","","","","","","","","","","","","","stm-01468 (Garcia's kamp)","","","","","","","","","","","","","","stm-02437 (Garciaskamp)","","","","","","","","","2","2"
"49","Geertruidenberg","Beneden-Commewijne | Boven-Cottica","Geertruidenberg","","stm-00576 (Geertruidenberg)","","","","stm-00725 (Geertruidenberg)","","","","","","","","","","","","","","","","","","","","","","","","","","","","","","1","2"
"50","Goosen","Matappica Kreek | Suriname","Goosen","","","","","","","","","","","","","","stm-00593 (Goosen)","","","","","","","","","","","","","stm-01871 (Goosen)","","","","","","","","","1","2"
"51","Groningen","Beneden-Saramacca | Boven-Saramacca | Tapoeripa Kreek","Groningen","","","stm-02245 (Groningen)","","","","stm-02384 (Groningen)","","","","","","","","","","","","","","","","","","","","","","stm-00830 (Groningen)","","","","","","","1","3"
"52","Haast u langzaam | Haast U Langzaam","Boven-Saramacca | Tapoeripa Kreek","Anna's rust en Haast u langzaam | Haast u langzaam | Haast U Langzaam","","","","","","","stm-02383 (Haast U Langzaam)","","","","","","","","","","","","","","","","","","","","","","stm-00813 (Haast u langzaam)","","","","","","","2","2"
"53","Hamburg","Beneden-Saramacca | Boven-Cottica","Hamburg","","","stm-00950 (Hamburg); stm-01945 (Hamburg)","","","stm-01201 (Hamburg)","","","","","","","","","","","","","","","","","","","","","","","","","","","","","","1","3"
"54","Hazard","Nickerierivier | Pararakweg","Hazard","","","","","","","","","","","","","","","","stm-01646 (Hazard)","","","","","","stm-02155 (Hazard)","","","","","","","","","","","","","","1","2"
"55","Hermitage | L'Hermitage","Boven-Saramacca | Pad van Wanica","Hermitage | L'Hermitage","","","","","","","stm-01907 (L'Hermitage)","","","","","","","","","","","stm-01360 (Hermitage)","","","","","","","","","","","","","","","","","","2","2"
"56","Heystvliet (Land van) | Heysvliet (Land van)","Suriname","Heystvliet (Land van) | Heysvliet (Land van)","","","","","","","","","","","","","","","","","","","","","","","","","","","stm-02313 (Heystvliet (Land van)); stm-02122 (Heysvliet (Land van))","","","","","","","","","2","2"
"57","Hope","Atlantische kust","Hope","stm-00751 (Hope); stm-01605 (Hope); stm-01655 (Hope)","","","","","","","","","","","","","","","","","","","","","","","","","","","","","","","","","","","1","3"
"58","Jacob's lust | Jacobslust","Boven-Saramacca | Matappica Kreek","Jacob's lust | Jacobslust","","","","","","","stm-00865 (Jacob's lust); stm-01702 (Jacob's lust)","","","","","","","stm-01267 (Jacobslust)","","","","","","","","","","","","","","","","","","","","","","2","3"
"59","Joden Savanne | Jodensavanne","Suriname","Joden Savanne | Jodensavanne","","","","","","","","","","","","","","","","","","","","","","","","","","","stm-02137 (Joden Savanne); stm-02274 (Jodensavanne)","","","","","","","","","2","2"
"60","Johanneshoop | Johanneszoon | Johannishoop","Beneden-Saramacca | Matappica Kreek | Suriname","Johanneshoop | Johanneszoon | Johannishoop","","","stm-01960 (Johannishoop)","","","","","","","","","","","stm-00603 (Johanneszoon)","","","","","","","","","","","","","stm-02115 (Johanneshoop)","","","","","","","","","3","3"
"61","Karelsburg","Boven-Saramacca | Wayamoe Kreek","Karelsburg","","","","","","","stm-01934 (Karelsburg)","","","","","","","","","","","","","","","","","","","","","","","","","","","","stm-02184 (Karelsburg)","1","3"
"62","Klein Beekvliet","Boven-Commewijne | Boven-Cottica","Klein Beekvliet","","","","","stm-02259 (Klein Beekvliet)","stm-02216 (Klein Beekvliet)","","","","","","","","","","","","","","","","","","","","","","","","","","","","","","1","2"
"63","Klein Cuilenburg | Klein Lunenburg","Boven-Cottica | Warappa Kreek","Klein Cuilenburg | Klein Cullenburg | Klein Lunenburg","","","","","","stm-01091 (Klein Cuilenburg)","","","","","","","","","","","","","","","","","","","","","","","","","","","","stm-00680 (Klein Lunenburg)","","2","2"
"64","Kweeklust","Beneden-Saramacca | Coropina Kreek","Kweeklust","","","stm-01952 (Kweeklust)","","","","","","","stm-01481 (Kweeklust)","","","","","","","","","","","","","","","","","","","","","","","","","","1","2"
"65","l'Esperance | L'Esperance | L'Espérance","Boven-Commewijne | Nickerierivier | Para Kreek | Suriname","l'Esperance | L'Esperance | L'Espérance","","","","","stm-01021 (l'Esperance)","","","","","","","","","","","stm-02307 (L'Espérance)","","","stm-01288 (L'Esperance)","","","","","","","","stm-01439 (L'Esperance)","","","","","","","","","3","4"
"66","La Diligence","Coropina Kreek | Suriname","La Diligence","","","","","","","","","","stm-01483 (La Diligence)","","","","","","","","","","","","","","","","","stm-01430 (La Diligence)","","","","","","","","","1","2"
"67","La Liberte | La Liberté","Coropina Kreek | Suriname","La Liberte | La Liberté","","","","","","","","","","stm-01495 (La Liberte)","","","","","","","","","","","","","","","","","stm-00619 (La Liberté)","","","","","","","","","2","2"
"68","La Paix","Boven-Cottica | Paulus Kreek","La Paix","","","","","","stm-01129 (La Paix)","","","","","","","","","","","","","","","","","stm-00647 (La Paix)","","","","","","","","","","","","","1","2"
"69","La Paix (Land van)","Boven-Cottica | Vredenburger Kreek","La Paix (Land van)","","","","","","stm-02366 (La Paix (Land van))","","","","","","","","","","","","","","","","","","","","","","","","","","stm-02375 (La Paix (Land van))","","","","1","2"
"70","La Perseverance | Perseverance","Atlantische kust | Paramarica Kreek","La Perseverance | Perseverance","stm-01551 (Perseverance)","","","","","","","","","","","","","","","","","","","stm-00818 (La Perseverance)","","","","","","","","","","","","","","","","2","2"
"71","La Resource | La Ressource","Boven-Saramacca | Suriname","La Resource | La Ressource","","","","","","","stm-00863 (La Resource); stm-02008 (La Resource)","","","","","","","","","","","","","","","","","","","","stm-01398 (La Ressource)","","","","","","","","","2","3"
"72","La Solitude","Boven-Saramacca | Commetewane Kreek | Perica Kreek","La Solitude","","","","","","","stm-00856 (La Solitude); stm-02024 (La Solitude)","","stm-02080 (La Solitude)","","","","","","","","","","","","","","","stm-00719 (La Solitude)","","","","","","","","","","","","1","4"
"73","La Sonnette","Boven-Saramacca | Saramacca","La Sonnette","","","","","","","stm-00860 (La Sonnette); stm-00867 (La Sonnette); stm-01999 (La Sonnette)","","","","","","","","","","","","","","","","","","","stm-02515 (La Sonnette)","","","","","","","","","","1","4"
"74","Laarwijk (Land van) | Slootwijk (Land van)","Boven-Commewijne | Paulus Kreek","Laarwijk (Land van) | Slootwijk (Land van)","","","","","stm-02352 (Slootwijk (Land van))","","","","","","","","","","","","","","","","","","stm-02324 (Laarwijk (Land van))","","","","","","","","","","","","","2","2"
"75","Libanon","Boven-Cottica | Boven-Saramacca | Jonkermans Kreek | Marechals Kreek | Pararakweg | Saramacca | Suriname","Libanon","","","","","","stm-01113 (Libanon)","stm-00844 (Libanon); stm-00845 (Libanon); stm-01718 (Libanon)","","","","","stm-02276 (Libanon)","stm-01466 (Libanon); stm-01887 (Libanon)","","","","","","","","","stm-01302 (Libanon)","","","","stm-02256 (Libanon)","stm-02134 (Libanon)","","","","","","","","","1","10"
"76","Lugtenburg | Lunenburg | Rustenburg","Boven-Commewijne | Boven-Cottica | Perica Kreek | Wayamoe Kreek","Lugtenburg | Lunenburg | Rustenburg","","","","","stm-01219 (Rustenburg)","stm-01140 (Lunenburg); stm-01255 (Lunenburg)","","","","","","","","","","","","","","","","","","stm-01200 (Rustenburg); stm-01241 (Rustenburg)","","","","","","","","","","","stm-01103 (Lugtenburg)","3","6"
"77","Lust en Rust | Rust en Rust","Coropina Kreek | Suriname | Tawayarie Kreek","Lust en Rust | Rust en Rust","","","","","","","","","","stm-02403 (Lust en Rust)","","","","","","","","","","","","","","","","","stm-00562 (Lust en Rust); stm-02126 (Lust en Rust)","","","stm-02475 (Rust en Rust)","","","","","","2","4"
"78","Ma Retraite","Booms Kreek | Orelana Kreek | Para Kreek","Ma Retraite","","","","stm-02144 (Ma Retraite)","","","","","","","","","","","","","stm-02050 (Ma Retraite)","","stm-00546 (Ma Retraite)","","","","","","","","","","","","","","","","","1","3"
"79","Ma Retraite (Land van)","Coropina Kreek | Suriname","Ma Retraite (Land van)","","","","","","","","","","stm-02331 (Ma Retraite (Land van))","","","","","","","","","","","","","","","","","stm-02117 (Ma Retraite (Land van))","","","","","","","","","1","2"
"80","Maria's lust | Maria's Lust | Sara's lust","Boven-Saramacca | Suriname | Tapoeripa Kreek | Wanica Kreek","Maria's lust | Maria's Lust | Maria's lust en la Solitude | Sara's lust","","","","","","","stm-00870 (Maria's lust); stm-01704 (Maria's lust); stm-01928 (Maria's lust); stm-01716 (Sara's lust)","","","","","","","","","","","","","","","","","","","","stm-01427 (Sara's lust)","","stm-00831 (Maria's lust)","","","","stm-02396 (Maria's Lust)","","","3","7"
"81","Marienburg","Beneden-Commewijne | Boven-Cottica","Marienburg","","stm-00583 (Marienburg)","","","","stm-01118 (Marienburg)","","","","","","","","","","","","","","","","","","","","","","","","","","","","","","1","2"
"82","Meerzorg | Moederzorg | Ouderzorg | Wederzorg | Zonderzorg","Beneden-Commewijne | Suriname | Tapoeripa Kreek | Tawaycoera Kreek | Wanica Kreek","Meerzorg | Moederzorg | Ouderzorg | Vriendsbeleid en Ouderzorg | Wederzorg | Zonderzorg","","stm-00872 (Ouderzorg); stm-00573 (Wederzorg)","","","","","","","","","","","","","","","","","","","","","","","","","stm-00564 (Meerzorg); stm-00520 (Moederzorg)","","stm-00630 (Meerzorg)","","stm-01512 (Zonderzorg)","","stm-02247 (Moederzorg)","","","5","7"
"83","Mijn Hoop","Boven-Commewijne | Coropina Kreek","Mijn Hoop","","","","","stm-01170 (Mijn Hoop); stm-02260 (Mijn Hoop)","","","","","stm-01489 (Mijn Hoop)","","","","","","","","","","","","","","","","","","","","","","","","","","1","3"
"84","Mijn Zorg | Mijnzorg","Pad van Wanica | Vredenburger Kreek","Mijn Zorg | Mijnzorg","","","","","","","","","","","","","","","","","","stm-00896 (Mijnzorg); stm-01404 (Mijnzorg)","","","","","","","","","","","","","","stm-01143 (Mijn Zorg)","","","","2","3"
"85","Misgunst","Beneden-Saramacca | Mot Kreek","Misgunst","","","stm-01951 (Misgunst)","","","","","","","","","","","","stm-00778 (Misgunst)","","","","","","","","","","","","","","","","","","","","","1","2"
"86","Mocha","Para Kreek | Pararak Kreek","Mocha","","","","","","","","","","","","","","","","","","","stm-01117 (Mocha)","","stm-01295 (Mocha)","","","","","","","","","","","","","","","1","2"
"87","Mon desir | Mon Désir","Boven-Cottica | Mot Kreek","Mon desir | Mon Désir","","","","","","stm-01125 (Mon desir); stm-01126 (Mon desir)","","","","","","","","","stm-02218 (Mon Désir)","","","","","","","","","","","","","","","","","","","","","2","3"
"88","Mon Plaisir | Monplaisir","Boven-Commewijne | Orelana Kreek | Suriname | Wanica Kreek","Mon Plaisir | Monplaisir","","","","","stm-01162 (Mon Plaisir)","","","","","","","","","","","","stm-02283 (Mon Plaisir)","","","","","","","","","","stm-00542 (Mon Plaisir); stm-00892 (Monplaisir); stm-01406 (Monplaisir)","","","","","","stm-01705 (Mon Plaisir)","","","2","6"
"89","Monfort | Monsort","Boven-Cottica","Mon Sort | Monfort | Monsort","","","","","","stm-02461 (Monfort); stm-01115 (Monsort); stm-01270 (Monsort)","","","","","","","","","","","","","","","","","","","","","","","","","","","","","","2","3"
"90","Nieuw Grond | Nieuwgrond","Beneden-Commewijne | Pad van Wanica","Nieuw Grond | Nieuwgrond","","stm-02058 (Nieuw Grond)","","","","","","","","","","","","","","","","stm-01377 (Nieuwgrond)","","","","","","","","","","","","","","","","","","2","2"
"91","Nieuw Mocha | Nieuw-Mocha","Boven-Cottica | Para Kreek","Nieuw Mocha | Nieuw-Mocha","","","","","","stm-00586 (Nieuw Mocha)","","","","","","","","","","","","","stm-02145 (Nieuw-Mocha)","","","","","","","","","","","","","","","","","2","2"
"92","Nieuw weergevonden | Nieuw Weergevonden","Pad van Wanica | Surnaus Kreek","Nieuw weergevonden | Nieuw Weergevonden","","","","","","","","","","","","","","","","","","stm-01390 (Nieuw weergevonden)","","","","","","","","","","stm-01861 (Nieuw Weergevonden)","","","","","","","","2","2"
"93","Nieuwzorg","Commetewane Kreek | Jonkermans Kreek | Marechals Kreek | Pad van Wanica","Nieuwzorg","","","","","","","","","stm-02067 (Nieuwzorg)","","","stm-02279 (Nieuwzorg)","stm-02161 (Nieuwzorg)","","","","","stm-01391 (Nieuwzorg)","","","","","","","","","","","","","","","","","","1","4"
"94","Nijd en Spijt","Beneden-Commewijne | Jonkermans Kreek | Marechals Kreek","Nijd en Spijt","","stm-00553 (Nijd en Spijt)","","","","","","","","","","stm-02277 (Nijd en Spijt)","stm-01467 (Nijd en Spijt)","","","","","","","","","","","","","","","","","","","","","","","1","3"
"95","Nooit gedacht | Nooit Gedacht | Nooit-gedacht","Boven-Commewijne | Saramacca | Suriname | Wanica Kreek","Nooit gedacht | Nooit Gedacht | Nooit-gedacht","","","","","stm-02163 (Nooit-gedacht)","","","","","","","","","","","","","","","","","","","","","stm-01932 (Nooit gedacht)","stm-02493 (Nooit Gedacht)","","","","","","stm-02395 (Nooit Gedacht)","","","3","4"
"96","Nova | Novar","Atlantische kust | Tapoeripa Kreek","Nova | Novar","stm-01652 (Novar)","","","","","","","","","","","","","","","","","","","","","","","","","","","","stm-02466 (Nova)","","","","","","","2","2"
"97","Onoribo","Para Kreek | Pararak Kreek | Pararakweg","Onoribo","","","","","","","","","","","","","","","","","","","stm-01319 (Onoribo)","","stm-02151 (Onoribo)","stm-02152 (Onoribo)","","","","","","","","","","","","","","1","3"
"98","Onverdacht | Onverwacht","Pad van Wanica | Para Kreek | Pararak Kreek | Pararakweg","Onverdacht | Onverwacht","","","","","","","","","","","","","","","","","","stm-00852 (Onverwacht); stm-00855 (Onverwacht); stm-00859 (Onverwacht)","stm-02146 (Onverdacht); stm-02147 (Onverwacht)","","stm-00715 (Onverwacht)","stm-02153 (Onverdacht)","","","","","","","","","","","","","","2","8"
"99","Osembo","Para Kreek | Pararakweg","Osembo","","","","","","","","","","","","","","","","","","","stm-00738 (Osembo)","","","stm-02154 (Osembo)","","","","","","","","","","","","","","1","2"
"100","Patientie","Boven-Cottica | Orelana Kreek","Patientie","","","","","","stm-01099 (Patientie)","","","","","","","","","","","stm-02069 (Patientie)","","","","","","","","","","","","","","","","","","","1","2"
"101","Petersburg | Pietersburg | Pieterszorg","Beneden-Commewijne | Boven-Cottica | Boven-Saramacca | Suriname","Petersburg | Pietersburg | Pieterszorg","","stm-00662 (Pieterszorg)","","","","stm-01171 (Pietersburg)","stm-01723 (Pietersburg)","","","","","","","","","","","","","","","","","","","","stm-00643 (Petersburg)","","","","","","","","","3","4"
"102","Quamabo (Land van) | Quapibo (Land van)","Cassewinicakreek | Suriname","Quamabo (Land van) | Quapibo (Land van)","","","","","","","","stm-02208 (Quapibo (Land van))","","","","","","","","","","","","","","","","","","","stm-02139 (Quamabo (Land van))","","","","","","","","","2","2"
"103","Reijnsdorp | Reijnsfort | Reynsfort","Matappica Kreek | Warappa Kreek","Reijnsdorp | Reijnsfort | Reynsfort","","","","","","","","","","","","","","stm-00664 (Reijnsdorp)","","","","","","","","","","","","","","","","","","","","stm-00669 (Reijnsfort); stm-02196 (Reynsfort)","","3","3"
"104","Smithfield","Beneden-Saramacca","Smithfield","","","stm-00958 (Smithfield); stm-00959 (Smithfield); stm-01041 (Smithfield); stm-02390 (Smithfield)","","","","","","","","","","","","","","","","","","","","","","","","","","","","","","","","","1","4"
"105","Soribo (Land van) | Waycoribo (Land van)","Cassewinicakreek | Perica Kreek","Soribo (Land van) | Waycoribo (Land van)","","","","","","","","stm-02355 (Waycoribo (Land van))","","","","","","","","","","","","","","","","stm-02227 (Soribo (Land van))","","","","","","","","","","","","2","2"
"106","Staf Aarons | Staf Arons","Boven-Saramacca | Pad van Wanica | Suriname | Warappa Kreek","Staf Aarons | Staf Arons","","","","","","","stm-00840 (Staf Aarons); stm-00841 (Staf Aarons); stm-02007 (Staf Aarons)","","","","","","","","","","","stm-02239 (Staf Arons)","","","","","","","","","stm-01446 (Staf Arons)","","","","","","","stm-00756 (Staf Aarons)","","2","6"
"107","Standvastigheid","Nickerierivier | Tapoeripa Kreek","Standvastigheid","","","","","","","","","","","","","","","","stm-02399 (Standvastigheid)","","","","","","","","","","","","","stm-00812 (Standvastigheid)","","","","","","","1","2"
"108","Toevlugt","Boven-Saramacca | Mot Kreek | Rijweg naar Kwatta | Suriname","Toevlugt","","","","","","","stm-02386 (Toevlugt)","","","","","","","","stm-00784 (Toevlugt)","","","","","","","","","","stm-02110 (Toevlugt)","","stm-01408 (Toevlugt)","","","","","","","","","1","4"
"109","Toledo en Nieuw-rust | Toledo en Nieuwrust","Suriname","Toledo en Nieuw-rust | Toledo en Nieuwrust","","","","","","","","","","","","","","","","","","","","","","","","","","","stm-02130 (Toledo en Nieuw-rust); stm-02439 (Toledo en Nieuwrust)","","","","","","","","","2","2"
"110","Tulpenburg","Orelana Kreek | Suriname","Tulpenburg","","","","","","","","","","","","","","","","","stm-02071 (Tulpenburg)","","","","","","","","","","stm-01331 (Tulpenburg)","","","","","","","","","1","2"
"111","Vaderszorg","Matappica Kreek | Saramacca","Vaderszorg | Vaderszorg en Karelsdeel","","","","","","","","","","","","","","stm-00697 (Vaderszorg)","","","","","","","","","","","","stm-01950 (Vaderszorg)","","","","","","","","","","1","3"
"112","Vlijt en Trouw | Vlugt en Trouw","Boven-Cottica | Tapoeripa Kreek","Vlijt en Trouw | Vlugt en Trouw","","","","","","stm-01102 (Vlugt en Trouw)","","","","","","","","","","","","","","","","","","","","","","","stm-00833 (Vlijt en Trouw)","","","","","","","2","2"
"113","Voorzorg","Beneden-Saramacca | Mot Kreek | Vredenburger Kreek","Voorzorg","","","stm-02254 (Voorzorg)","","","","","","","","","","","","stm-00779 (Voorzorg)","","","","","","","","","","","","","","","","","stm-01148 (Voorzorg)","","","","1","3"
"114","Vredenburg | Vriesenburg | Vriezenburg","Mot Kreek | Para Kreek | Perica Kreek","Vredenburg | Vriesenburg | Vriezenburg","","","","","","","","","","","","","","","stm-02232 (Vriezenburg)","","","","stm-01397 (Vredenburg)","","","","","stm-01213 (Vriesenburg)","","","","","","","","","","","","3","3"
"115","Vreeland","Suriname | Tawaycoera Kreek","Vreeland","","","","","","","","","","","","","","","","","","","","","","","","","","","stm-00637 (Vreeland)","","","","stm-01487 (Vreeland)","","","","","1","2"
"116","Waijamoe | Wajamoe | Wayamoe","Wayamoe Kreek","Waijamoe | Wajamoe | Wayamoe","","","","","","","","","","","","","","","","","","","","","","","","","","","","","","","","","","","stm-01209 (Waijamoe); stm-01262 (Waijamoe); stm-02296 (Wajamoe); stm-01455 (Wayamoe)","3","4"
"117","Waterloo","Nickerierivier | Tawayarie Kreek | Warappa Kreek","Waterloo","","","","","","","","","","","","","","","","stm-00744 (Waterloo); stm-00745 (Waterloo); stm-01643 (Waterloo)","","","","","","","","","","","","","","stm-00706 (Waterloo)","","","","stm-02195 (Waterloo)","","1","5"
"118","Watervliet","Suriname","Watervliet","","","","","","","","","","","","","","","","","","","","","","","","","","","stm-01413 (Watervliet); stm-02441 (Watervliet)","","","","","","","","","1","2"
"119","Welbedacht | Welgedacht","Commetewane Kreek | Pad van Wanica | Para Kreek | Suriname","Welbedacht | Welgedacht","","","","","","","","","stm-02079 (Welbedacht)","","","","","","","","","stm-02300 (Welbedacht)","stm-01313 (Welgedacht)","","","","","","","","stm-01329 (Welbedacht)","","","","","","","","","2","8"
"120","Welgelegen","Atlantische kust | Beneden-Commewijne | Boven-Cottica | Para Kreek","Welgelegen | Zeldenrust en Welgelegen","stm-00922 (Welgelegen); stm-01546 (Welgelegen)","stm-00578 (Welgelegen)","","","","stm-01097 (Welgelegen)","","","","","","","","","","","","","stm-01505 (Welgelegen)","","","","","","","","","","","","","","","","","1","5"
"121","Welgevallen","Beneden-Commewijne | Suriname","Welgevallen","","stm-00693 (Welgevallen)","","","","","","","","","","","","","","","","","","","","","","","","","stm-02142 (Welgevallen)","","","","","","","","","1","2"
"122","Welgevonden","Suriname | Tawayarie Kreek","Welgevonden","","","","","","","","","","","","","","","","","","","","","","","","","","","stm-02141 (Welgevonden)","","","stm-02397 (Welgevonden)","","","","","","1","2"
"123","Weltevreden","Beneden-Commewijne | Beneden-Saramacca | Suriname","Weltevreden","","stm-02056 (Weltevreden)","stm-01938 (Weltevreden)","","","","","","","","","","","","","","","","","","","","","","","","stm-02125 (Weltevreden)","","","","","","","","","1","3"
"124","Zeldenrust","Boven-Cottica | Suriname","Zeldenrust","","","","","","stm-01096 (Zeldenrust)","","","","","","","","","","","","","","","","","","","","","stm-01334 (Zeldenrust)","","","","","","","","","1","2"
"125","Zoelen","Beneden-Commewijne | Boven-Saramacca","Zoelen","","stm-00559 (Zoelen)","","","","","stm-02385 (Zoelen)","","","","","","","","","","","","","","","","","","","","","","","","","","","","","1","2"
"126","Zorg en Hoop","Beneden-Commewijne | Boven-Saramacca | Matappica Kreek | Pad van Wanica","Zorg en Hoop","","stm-02172 (Zorg en Hoop)","","","","","stm-02388 (Zorg en Hoop)","","","","","","","stm-00667 (Zorg en Hoop)","","","","stm-01361 (Zorg en Hoop)","","","","","","","","","","","","","","","","","","1","4"
"127","Zorgvliet","Beneden-Commewijne | Boven-Commewijne","Zorgvliet","","stm-00555 (Zorgvliet)","","","stm-02164 (Zorgvliet)","","","","","","","","","","","","","","","","","","","","","","","","","","","","","","","1","2"
